#{"t_start": 1764453718.8524733, "env_id": "MyCustomEnv-v0"}
r,l,t
6.888468,8,1.804936
4.824511,6,3.146611
7.20431,9,5.143643
7.525361,10,7.916418
9.255276,12,12.2233
4.998087,7,13.76326
10.230023,12,16.423002
16.834198,20,21.736309
11.565397,15,26.62455
2.82999,4,27.501446
17.439086,20,31.995692
11.584482,15,36.156688
5.705307,7,39.59694
18.94293,20,47.056294
7.060523,9,49.311475
3.314811,5,50.5615
3.317461,5,52.220921
5.913134,8,55.414768
17.017625,20,60.013018
1.137825,2,60.436472
3.00193,4,61.320714
6.716956,8,63.109387
4.772892,6,64.452362
16.33398,20,70.778624
8.413389,11,73.290349
11.115063,14,76.537867
6.459907,9,78.656181
3.008502,4,79.680377
8.026165,10,83.723836
4.618009,6,85.185616
1.11265,2,85.621619
4.359675,6,87.00517
4.460426,6,88.422557
16.742554,20,92.952189
2.060097,3,93.645069
5.080318,7,96.447778
4.820061,6,98.432214
7.609686,10,100.802236
16.611651,20,105.632924
5.84663,8,107.569847
7.238976,9,110.901789
3.731157,5,112.567051
1.789545,3,113.276757
1.71854,3,113.965554
10.315974,13,116.997369
3.677309,5,118.161077
3.729826,5,119.34061
5.207138,7,120.883258
5.929669,7,122.881399
8.265552,10,126.540064
4.630935,6,127.949317
1.955667,3,128.659647
18.51496,20,133.165375
1.133897,2,133.637385
6.649853,8,135.436814
9.324027,12,139.766243
5.50848,7,141.643378
9.27637,12,144.36281
9.346102,11,146.903149
10.697762,13,149.817349
7.495257,10,153.524956
16.693618,20,158.583658
5.191029,7,160.199641
3.464339,5,161.333783
16.122472,19,166.890433
7.772362,10,169.781298
3.440966,5,170.964411
7.353215,9,173.055703
11.660789,15,176.61332
2.56581,4,177.595703
6.816075,9,180.699897
9.478539,11,184.065014
10.377007,13,187.146511
17.653278,20,191.677344
9.94827,12,195.732569
9.369782,12,199.005755
8.76847,10,201.381398
1.650003,3,202.104499
4.754346,6,203.515046
9.372397,12,206.261242
4.621533,6,208.285026
6.813308,9,211.422789
5.778186,7,213.03039
2.773022,4,214.007268
6.71804,9,216.084711
1.017951,2,216.561828
2.025247,3,217.268474
8.135914,10,219.666774
14.873126,18,225.600536
1.854202,3,226.286495
2.864707,4,227.230189
1.929525,3,227.96219
3.731153,5,229.077134
10.991759,14,232.284559
0.957845,2,232.722447
18.943534,20,239.254473
3.430041,5,240.397646
3.015918,4,241.275576
12.911478,16,244.942734
4.208268,6,246.288311
9.250126,11,248.658959
8.084673,11,252.779803
9.539826,12,255.579202
11.789209,15,258.943602
16.67718,20,263.994109
3.691723,5,265.968714
5.48616,7,267.989528
11.01787,14,271.214588
3.294906,5,272.317308
10.515978,13,275.244035
11.531145,15,280.140146
4.11152,6,281.919489
8.479223,10,284.151508
5.645402,7,285.675113
3.726791,5,286.804141
2.626836,4,287.768229
13.871675,17,293.323387
6.797998,9,296.177876
11.156516,14,299.437393
2.839038,4,300.375037
2.636741,4,301.294761
10.87528,14,304.556643
2.849699,4,305.579497
17.585261,20,311.755469
3.70959,5,312.800488
5.862418,8,314.516847
1.084905,2,314.963759
11.505629,14,318.100488
17.849531,20,324.450039
2.64311,4,325.336207
1.061449,2,325.729771
10.07386,13,328.69018
4.365173,6,330.06256
14.12672,17,334.35514
4.888075,6,336.80822
6.285434,8,339.091929
2.721121,4,340.019527
6.493283,9,342.177012
4.062477,6,343.61874
18.396027,20,348.87763
7.634618,10,352.540046
3.81371,5,353.72061
11.385506,15,357.246499
2.928084,4,358.137997
3.73637,5,359.327098
3.731153,5,360.459417
2.949276,4,361.402517
2.834395,4,362.750183
3.544134,5,364.885999
2.927588,4,366.247472
2.017339,3,366.96134
1.059637,2,367.407558
10.568903,13,370.441742
11.253365,14,373.650403
4.38584,6,375.069871
10.507889,13,380.031763
8.376082,11,382.755702
7.063916,9,384.737476
5.360157,7,386.368471
9.381948,12,389.04372
4.455042,6,390.581425
1.00041,2,391.373377
5.276448,7,394.057219
18.053521,20,398.638659
4.495107,6,399.919313
2.480339,4,400.81429
3.333239,5,401.975539
7.241769,9,403.952859
2.780604,4,405.337557
12.415536,16,410.137038
4.295513,6,411.439751
8.081253,10,413.797513
10.859747,14,416.974641
3.513069,5,418.08041
9.449386,11,422.269351
2.877765,4,423.163069
11.729414,14,426.313703
1.895037,3,426.984631
6.442279,8,428.768135
7.481095,9,430.774908
8.654189,10,433.704871
4.89946,7,436.285397
18.277335,20,440.793654
17.961202,20,445.326948
7.993655,10,448.71868
11.594919,15,452.673967
12.158568,15,455.983341
12.624337,15,459.345989
9.067403,12,463.39579
5.136649,6,464.988258
11.367886,13,467.93006
5.462024,7,469.43413
8.058181,10,471.597462
19.339209,20,477.615145
17.433349,20,482.323468
4.825672,6,483.704341
8.037111,10,485.920292
3.509864,5,487.001908
10.76927,14,491.970298
19.026333,20,496.512989
6.120079,8,498.285443
17.471091,20,503.342258
3.608338,5,505.224645
11.359408,14,508.689249
16.800251,20,514.903986
3.369202,5,516.034416
1.998738,3,517.154614
1.97258,3,518.276132
2.604803,4,519.833237
5.090431,7,521.507896
9.230189,12,524.201679
11.062848,14,527.263358
9.087053,11,529.73396
3.50543,5,531.45795
17.898134,20,537.215808
2.828166,4,538.1102
16.321626,20,549.463137
4.053319,6,550.720367
5.11099,7,552.258606
0.980263,2,552.748211
12.851764,15,556.064649
10.779992,14,559.942587
2.805786,4,561.432831
9.042241,11,564.216076
1.094855,2,564.62167
9.593653,12,567.357472
9.722642,12,570.017231
3.654899,5,571.136375
17.296752,20,577.363154
8.8056,11,579.758379
8.785819,11,582.152202
8.894366,11,584.570907
12.175592,14,588.757266
16.120348,20,593.815976
5.284417,7,595.355393
4.757174,6,596.676734
4.402945,6,597.963555
9.729897,13,601.444859
9.069005,11,605.008295
3.7777,5,606.091686
9.094635,11,608.538457
9.875425,13,611.41947
6.3785,8,613.160464
9.085621,12,617.153617
17.372877,20,621.910724
8.493991,11,624.392087
6.282533,8,626.135587
7.496441,9,628.374408
7.468563,10,632.10279
7.248451,9,634.120278
16.501297,20,638.560522
8.632295,11,641.012068
4.866203,6,642.704029
5.642178,7,645.434999
3.230605,5,646.642552
17.510742,20,650.946651
2.62022,4,651.80627
7.264742,9,653.855161
6.510484,9,655.834644
12.169223,15,660.930698
7.582231,10,663.104949
4.440237,6,664.434719
8.279617,10,666.601219
1.832863,3,667.258005
9.16171,12,669.909743
10.042208,12,674.195086
17.854928,20,678.645573
3.879064,5,679.732365
18.429375,20,684.459894
16.843362,20,690.29167
15.398144,18,695.14098
8.795545,11,698.922072
4.342011,6,701.232296
8.617899,11,703.779904
10.433889,13,706.699393
6.534004,8,708.488168
4.768064,7,710.043946
4.508255,6,711.402984
18.280407,20,717.608293
10.762079,13,720.442252
10.071509,13,723.248881
1.819931,3,723.885458
9.247217,12,727.072816
3.00542,4,728.524569
4.942139,6,730.412809
3.617816,5,731.479961
3.574796,5,732.591924
9.902426,13,735.47366
16.742223,20,740.194599
6.418233,8,743.259093
4.687446,6,744.802858
11.233249,14,748.104364
3.624557,5,749.287722
6.670111,8,751.087631
10.70803,14,754.556834
8.238122,11,758.38738
9.62981,13,761.274869
18.364865,20,765.722348
11.423057,13,769.280406
16.872678,20,774.650786
13.282012,16,778.222109
16.7506,20,783.686679
5.646209,7,786.088389
5.036431,6,787.483913
12.039185,15,790.991455
3.023995,4,791.850007
5.35053,7,793.412755
10.698171,13,796.784829
4.148426,6,799.17291
9.791765,12,802.064631
5.924081,8,803.889636
2.128136,3,804.566623
6.327478,8,806.284937
17.165366,20,811.785985
5.218304,7,814.148554
5.84675,7,815.657381
9.853057,13,818.641513
8.390276,10,820.9437
10.353683,13,824.128721
16.922545,20,830.158536
8.166516,10,832.368851
5.339197,7,833.972511
5.887387,7,835.530702
3.739908,5,836.70021
9.399601,12,840.754782
11.422229,15,844.434878
4.428242,6,845.729306
18.968437,20,850.365766
8.530367,11,853.718714
16.330633,20,858.938008
11.818386,14,862.198272
1.892644,3,862.837412
11.830937,15,866.860474
4.188074,6,869.197146
10.226262,13,872.216279
10.084967,13,875.085084
1.836763,3,876.106806
17.639523,20,883.688161
5.162918,7,885.289876
2.102934,3,885.910276
6.605411,9,887.829647
6.382951,8,889.564253
3.911151,5,890.695368
4.572955,6,892.011893
10.630412,14,896.291491
7.070093,9,898.841567
17.321281,20,903.227702
11.871754,15,906.489439
2.928435,4,907.369097
11.595418,15,912.338456
3.814444,5,913.435415
7.515404,10,915.689412
8.657476,11,918.139884
9.525365,12,920.834887
9.643521,12,924.854042
9.952755,11,927.654338
18.105357,20,932.133902
9.706632,12,934.805821
17.543899,20,940.881086
7.460035,10,943.034239
17.137413,20,947.595105
17.588139,20,953.710793
16.654642,20,958.2249
16.768025,20,962.656145
6.838518,9,965.559736
12.361896,15,969.660452
8.733873,11,972.109998
3.340128,5,973.213653
3.596416,5,974.282061
18.120602,20,979.585946
11.357441,15,983.745774
16.985704,20,988.244879
7.633021,10,990.453016
2.9219,4,991.334762
4.42858,6,993.611249
8.427879,11,996.801182
11.294483,15,1000.20367
1.906978,3,1000.85665
11.940402,15,1004.221517
2.724451,4,1005.055595
18.566034,20,1011.215288
5.477848,7,1012.761168
6.117978,8,1014.658218
11.715368,14,1017.890603
3.906308,5,1018.996196
8.934604,12,1023.481668
2.569197,4,1024.369155
17.163354,20,1028.95764
5.176261,6,1030.30918
10.102887,13,1033.146726
1.791062,3,1034.276714
11.341212,14,1038.726854
12.176566,15,1042.126794
14.385458,16,1045.858089
3.994084,6,1047.246003
18.649204,20,1053.448499
9.914861,12,1056.209906
7.707694,10,1059.498307
17.835005,20,1066.412475
17.813122,20,1070.905266
5.176261,6,1072.325037
18.098162,20,1084.47587
9.281701,12,1087.300049
12.10479,16,1092.120153
17.39776,20,1097.23111
10.990776,14,1100.310783
5.37674,7,1101.874349
8.408489,11,1105.2669
11.442524,15,1109.600883
16.297199,20,1114.091529
11.049786,14,1117.216184
17.832913,20,1123.424559
9.273906,12,1126.070253
16.434281,20,1130.634228
4.078853,6,1132.533032
5.836524,8,1135.51999
17.324416,20,1140.05947
13.256498,17,1143.876502
16.664277,20,1150.066537
17.750492,20,1154.528601
8.150655,10,1156.851746
17.388094,20,1162.758325
7.57588,10,1165.255827
17.579191,20,1169.847917
8.328027,10,1172.151795
17.800002,20,1178.35203
17.680407,20,1182.87377
16.568977,20,1187.442561
17.754128,20,1193.652327
11.400882,15,1197.084285
8.057071,11,1199.513405
10.340214,13,1203.298542
8.460967,11,1206.648877
11.205177,15,1210.002488
6.81021,8,1211.794384
2.151572,3,1212.470196
16.766645,20,1218.020749
17.420636,20,1223.148282
8.173442,11,1225.612966
6.812611,9,1227.753615
10.378112,13,1231.68981
16.89911,20,1236.893414
10.719399,14,1240.865194
11.044345,14,1246.265337
4.566227,6,1248.053616
5.751401,7,1249.725088
9.781962,12,1252.41274
7.012617,9,1254.484486
17.528326,20,1260.327564
10.327949,13,1263.575977
11.593764,15,1266.897409
17.646915,20,1271.654297
17.121506,20,1277.659875
9.078614,11,1280.209077
9.086907,12,1282.924238
10.185941,13,1286.303339
7.963631,10,1289.844434
1.718466,3,1290.488387
4.785529,6,1291.820386
17.043676,20,1296.319018
9.48562,12,1298.967338
1.806178,3,1299.828503
6.835848,9,1303.345361
17.387452,20,1307.805575
7.959758,10,1310.027995
16.675155,20,1315.560409
3.549035,5,1317.441838
7.800344,10,1319.613137
8.016429,10,1321.83396
9.854068,13,1324.788469
4.229682,6,1326.070672
9.209041,12,1329.919668
9.116745,12,1333.195228
5.172095,7,1334.723966
9.998944,13,1337.634504
1.64249,3,1338.29189
16.147074,20,1343.726547
11.36185,14,1347.624642
9.226494,12,1350.284825
3.591887,5,1351.382473
9.991735,13,1354.275104
18.031162,20,1360.357218
0.958124,2,1360.816838
3.804974,5,1361.999406
3.677882,5,1363.109318
5.642183,7,1364.735036
11.718864,14,1367.83035
3.707931,5,1368.966134
7.532687,9,1372.439048
10.895649,14,1375.910366
17.176754,20,1380.443289
9.103626,11,1382.944209
4.847684,7,1385.526363
4.551352,6,1387.661428
16.765922,20,1392.446397
3.681362,5,1393.564311
11.541025,15,1397.095312
18.293333,20,1403.546269
2.535311,4,1404.446929
16.435028,20,1409.020867
7.763444,10,1411.3756
11.606271,15,1416.501814
7.508957,9,1418.731668
3.389715,5,1420.467351
1.973883,3,1421.708665
17.418734,20,1428.760757
17.277348,20,1433.949837
4.484906,6,1435.494716
17.232484,20,1441.168387
18.044103,20,1446.794391
8.646471,10,1449.035762
6.051676,8,1450.905835
16.889679,20,1457.216816
1.924531,3,1458.044036
17.495654,20,1462.579053
2.441808,4,1463.468083
10.674696,13,1466.340003
5.97076,8,1468.623876
6.202743,8,1471.618541
8.094653,10,1473.954336
18.078833,20,1478.458412
17.275458,20,1483.919301
4.595088,6,1485.934965
14.761747,17,1489.720515
11.552461,15,1493.030975
7.959463,10,1495.31289
11.312924,15,1500.419854
17.219045,20,1504.937939
1.721793,3,1505.60332
17.801665,20,1510.554679
3.461749,5,1512.520383
8.404718,11,1515.382424
7.646142,10,1517.686589
7.555051,10,1519.820135
6.837416,9,1521.955277
5.620918,7,1523.492735
4.680997,6,1525.861208
9.28422,12,1529.235433
3.772378,5,1530.348913
17.418251,20,1534.68327
16.797721,20,1540.356586
3.861812,5,1541.911667
1.129606,2,1542.356554
8.552764,10,1544.596393
1.825911,3,1545.232255
2.380836,4,1546.098202
17.480407,20,1550.622802
10.137494,13,1554.943851
5.320591,7,1556.698956
5.610824,7,1558.293938
11.890795,16,1561.790497
8.16292,11,1564.271187
11.371956,15,1569.103298
9.873286,13,1572.05499
1.841638,3,1572.681964
16.613521,20,1577.123154
8.552736,11,1579.825516
10.675811,14,1584.453344
8.97986,12,1587.107927
9.096117,12,1589.772265
18.032082,20,1594.96523
11.558102,15,1599.66135
11.02819,14,1604.104811
3.387065,5,1605.227813
10.76589,14,1609.12649
2.682711,4,1610.638824
8.606691,11,1613.397648
6.282833,8,1621.280309
17.120526,20,1627.493177
9.363697,12,1630.253038
11.331642,15,1633.544144
1.721087,3,1634.225888
9.055989,12,1638.201718
8.505703,11,1641.171199
10.769845,12,1643.831494
8.840414,11,1646.308651
10.874087,12,1648.977816
17.43139,20,1655.063448
6.243212,8,1656.824582
6.628407,9,1658.968226
10.046652,13,1661.808131
18.675228,20,1668.067195
8.968855,12,1670.717509
10.063411,13,1673.580464
12.001742,15,1676.912054
9.309367,12,1681.440685
4.430132,6,1682.852329
9.565007,12,1685.851861
17.84745,20,1690.440539
4.136385,5,1691.866373
9.826546,13,1696.227786
17.347074,20,1700.773433
3.852392,5,1701.941547
7.347689,10,1704.245087
16.232607,20,1710.593406
16.372474,20,1715.131826
6.478649,9,1717.12034
17.586311,20,1723.446968
7.327104,10,1725.689775
7.137294,9,1727.732185
12.770533,16,1731.317644
4.414304,6,1732.655529
17.877775,20,1738.934703
3.157267,4,1739.872269
9.202317,12,1742.567999
0.982478,2,1743.02016
10.188921,13,1745.990189
17.366596,20,1752.360748
17.144646,20,1756.979471
8.769442,11,1759.540881
4.125097,6,1760.991617
1.847184,3,1762.063376
10.760006,14,1766.686919
4.25066,6,1768.087691
4.293058,6,1769.45181
17.723173,20,1774.130596
11.529507,14,1779.365187
16.548994,20,1785.720317
16.264691,20,1790.11692
1.952337,3,1791.043689
16.851937,20,1797.093057
16.367084,20,1801.681755
12.124547,16,1806.119963
18.216356,20,1811.722964
8.828637,11,1814.187311
9.170126,11,1816.780957
16.911568,20,1823.077863
8.257683,11,1825.665964
10.572105,13,1828.631949
16.732985,20,1833.650339
16.300947,20,1839.269373
9.407036,12,1841.975164
17.479655,20,1846.6449
18.242744,20,1852.84598
15.063372,18,1856.98604
17.53896,20,1862.323301
17.812795,20,1867.765452
17.122821,20,1872.164011
17.229653,20,1878.343161
4.720729,6,1879.746851
4.548797,6,1881.130412
17.590769,20,1885.848913
17.504334,20,1891.75142
10.001106,13,1895.061866
17.345185,20,1899.57961
5.675496,8,1901.342219
4.390671,6,1902.791986
1.64509,3,1903.963716
17.422974,20,1909.414234
16.231422,20,1913.960883
17.831922,20,1919.993138
10.831211,14,1923.335328
1.671452,3,1924.005623
16.661577,20,1928.538022
2.801369,4,1929.437431
17.212795,20,1935.584946
2.544884,4,1936.44848
17.342373,20,1940.811903
7.419848,10,1943.073402
16.590573,20,1949.352931
8.316648,11,1951.834137
7.10684,9,1953.855222
6.639547,9,1956.267205
5.596604,7,1959.068011
17.345118,20,1965.327959
10.928118,14,1968.404591
16.741207,20,1972.729594
1.611323,3,1973.686661
1.084905,2,1974.505764
9.314122,12,1978.284899
17.894939,20,1982.885078
0.957552,2,1983.339154
17.034071,20,1988.450947
6.116519,8,1991.323207
11.435279,15,1994.746903
16.078518,20,1999.237981
8.26555,11,2002.208493
6.700472,9,2005.549437
16.316304,20,2009.982054
9.475599,12,2012.658273
16.379301,20,2018.49737
7.687252,10,2020.912368
9.391768,12,2023.521365
8.573126,11,2025.923603
17.367579,20,2031.50495
10.014568,13,2035.112526
17.945935,20,2039.723724
5.352173,7,2041.358931
8.161234,11,2044.507536
10.556957,14,2048.653578
11.156581,15,2052.009934
8.085341,10,2054.24304
12.272502,16,2058.612145
17.931702,20,2064.083825
17.519852,20,2068.572061
1.828561,3,2069.259106
0.973248,2,2069.703447
5.185552,7,2071.478009
5.274739,7,2074.226433
8.248564,11,2076.966684
17.153648,20,2081.409179
1.738947,3,2082.056321
9.218772,12,2084.78177
4.203584,6,2087.044707
1.658444,3,2088.088965
17.45297,20,2092.94237
8.394278,11,2095.423958
10.47064,14,2098.516187
1.033529,2,2098.979929
10.837795,14,2103.930152
11.512579,15,2107.229423
5.649509,7,2108.809307
10.89034,14,2111.911256
10.303398,13,2116.049022
1.68724,3,2117.221681
17.92727,20,2121.703634
9.701684,13,2124.68436
17.877967,20,2130.660555
10.418783,14,2135.426178
1.04203,2,2136.258929
3.438104,5,2137.476485
7.274527,10,2139.671232
4.504066,6,2140.95798
16.651139,20,2147.247523
13.218927,17,2150.963533
17.26527,20,2162.445879
12.136157,16,2166.105134
17.302224,20,2171.36842
16.754555,20,2176.798793
11.563573,15,2180.228103
7.447201,10,2182.515806
9.969268,13,2186.883567
9.698437,13,2190.095332
16.276645,20,2194.726592
1.765275,3,2195.420805
11.27521,13,2198.82962
10.118915,13,2202.821412
17.521276,20,2207.354048
10.004801,13,2210.193137
2.525461,4,2211.083591
10.013764,13,2215.816538
17.499265,20,2220.367289
10.837355,14,2223.409954
14.112044,16,2228.102854
9.095285,12,2231.388839
8.112876,10,2233.543377
11.403993,15,2236.924192
11.37021,15,2240.668483
9.934118,13,2244.907787
10.779481,14,2248.083693
2.071248,3,2248.733272
16.828416,20,2253.194206
17.588261,20,2259.356057
9.696803,13,2262.238056
7.527973,10,2264.410239
12.365934,15,2267.937902
18.056016,20,2274.038132
17.60853,20,2278.575307
11.344351,15,2282.185013
7.678503,10,2286.344434
17.987968,20,2290.775151
1.083575,2,2291.230182
17.813408,20,2295.90344
6.689215,9,2299.395314
17.651702,20,2304.233088
16.523154,20,2309.628683
16.357849,20,2316.951432
16.222622,20,2321.350726
5.12808,7,2322.850828
17.21299,20,2328.62895
17.602086,20,2333.539268
17.187224,20,2338.329404
7.432359,10,2341.410048
16.321818,20,2346.921507
17.498804,20,2351.51015
10.302783,13,2354.94257
1.269994,2,2355.751985
16.611404,20,2361.187959
16.147017,20,2365.711168
17.416154,20,2372.13941
11.305998,15,2375.388349
17.233086,20,2379.934294
11.284874,15,2384.423892
9.754553,12,2387.742559
16.100002,20,2392.133971
11.425439,15,2395.517804
9.386624,11,2399.616377
8.906167,12,2402.548001
16.744187,20,2407.194851
17.323906,20,2413.057418
17.476851,20,2418.171689
17.388895,20,2422.616994
3.499803,5,2423.701767
17.432608,20,2430.037239
9.13985,12,2432.749652
5.642821,7,2434.307545
16.698787,20,2439.22754
10.09075,13,2443.444977
16.400069,20,2448.108358
16.85472,20,2452.644666
16.634281,20,2458.893581
11.550527,15,2462.230287
16.733333,20,2466.896795
17.81084,20,2473.024943
16.406251,20,2477.716956
10.71445,14,2481.040218
10.749011,13,2486.625356
11.731502,15,2490.938226
2.953773,4,2491.841238
9.691886,12,2494.499764
10.568169,13,2498.485188
17.319156,20,2503.620587
2.022293,3,2504.318659
7.461571,9,2506.389933
10.603119,14,2509.416964
4.551118,6,2511.266587
11.235036,15,2515.952211
9.051552,12,2518.763281
9.258993,11,2521.232376
17.588487,20,2526.795938
16.233147,20,2532.118606
16.22974,20,2536.686346
10.592937,14,2541.080138
10.501053,14,2544.77195
19.010733,20,2549.361727
16.544783,20,2554.970623
10.713756,14,2558.736239
2.620233,4,2559.61988
6.595118,9,2561.577627
11.495951,15,2564.941069
8.864338,12,2568.589404
7.594924,10,2571.67359
11.492445,14,2574.785277
17.879655,20,2579.349936
6.623149,9,2581.918358
18.253648,20,2587.7895
3.252221,5,2588.908341
7.937669,11,2591.543547
1.66205,3,2592.194632
17.663285,20,2598.11694
10.74112,13,2601.544357
16.119815,20,2606.026056
16.732456,20,2611.927379
16.799499,20,2616.850963
6.141302,8,2618.567032
16.362474,20,2623.323934
3.589483,5,2625.303776
8.475178,11,2628.562133
8.871132,12,2631.252082
11.271435,15,2634.64735
9.764242,12,2637.646886
16.101695,20,2643.755235
6.743441,9,2645.742304
10.817677,14,2648.931056
2.44532,4,2649.868087
16.92926,20,2655.976683
11.216076,15,2660.330457
7.536608,10,2663.545638
11.152391,15,2668.294565
9.973744,13,2671.863415
2.105698,3,2672.539239
10.501928,14,2675.719303
11.453973,15,2679.300734
1.619244,3,2680.490862
16.347072,20,2686.527573
8.111111,11,2689.048456
16.714134,20,2694.261244
17.612371,20,2706.955501
11.595608,15,2712.198857
1.817998,3,2712.879787
17.625273,20,2717.534341
18.223199,20,2722.183857
11.333554,15,2727.255011
7.754231,10,2729.495754
10.608863,14,2732.748067
16.080407,20,2737.949348
6.720804,8,2740.696097
17.231476,20,2745.187931
17.299061,20,2749.643134
11.257016,15,2754.90385
11.148984,15,2758.220252
5.254685,7,2759.745289
16.508065,20,2764.213586
16.757035,20,2770.417809
8.035519,11,2772.956345
11.179985,15,2776.349478
17.811313,20,2782.54223
10.679199,14,2785.631106
17.298133,20,2790.024233
10.62841,14,2793.707601
9.086764,12,2797.646914
9.055356,12,2800.269925
17.523218,20,2804.713298
17.82268,20,2810.880395
9.829645,13,2813.908956
16.543464,20,2818.458472
11.208993,15,2822.876251
16.547072,20,2828.181024
7.67702,10,2830.398409
9.217783,12,2834.396663
1.111569,2,2835.211843
18.04296,20,2841.769316
4.052855,6,2843.192744
7.156266,10,2845.370728
6.522596,9,2847.397348
6.749215,9,2849.29405
16.719879,20,2855.638197
8.496152,11,2858.044031
10.988887,14,2861.143866
11.526355,15,2865.193378
16.035029,20,2870.65065
4.906154,7,2872.197875
16.186589,20,2876.663371
9.908642,13,2881.005333
11.781797,16,2885.155526
17.664732,20,2889.6511
2.815084,4,2890.572788
17.497535,20,2897.155432
8.051014,11,2899.626792
16.663753,20,2904.197201
11.495316,15,2908.794205
11.565015,14,2912.567974
16.277711,20,2916.995415
3.336877,5,2918.059031
6.816508,9,2920.044708
1.629368,3,2921.173911
16.63217,20,2927.057201
16.462064,20,2931.509065
14.16386,18,2936.633849
16.542586,20,2941.868927
16.334736,20,2946.333106
17.364893,20,2952.460886
16.521016,20,2957.097246
8.145737,11,2959.530798
9.588165,12,2962.288968
9.298254,11,2966.63764
2.610867,4,2967.475593
4.998507,6,2968.803318
16.387751,20,2973.37762
17.522854,20,2979.181076
16.786999,20,2984.203135
17.655076,20,2988.695588
4.098606,6,2990.000903
1.814265,3,2990.784614
11.613955,15,2995.817451
16.213741,20,3000.288003
16.518173,20,3005.71963
8.371637,10,3010.190026
3.415065,5,3012.032306
17.054191,20,3016.718324
6.691382,9,3018.717743
9.118713,12,3021.340137
17.611784,20,3027.586059
13.815542,18,3031.632234
9.044844,12,3034.410562
17.417813,20,3040.528097
1.753873,3,3041.215209
7.603882,10,3043.450914
11.397367,15,3046.898847
16.900076,20,3056.78343
16.973893,20,3061.254807
16.520195,20,3066.738422
17.612991,20,3072.305143
11.788881,16,3075.934493
1.218239,2,3076.368978
11.963098,16,3080.691573
17.256294,20,3086.442142
17.300742,20,3090.922735
17.34539,20,3097.193369
7.348177,10,3099.62951
6.673895,9,3101.637012
16.942112,20,3106.113256
10.536827,14,3110.544009
11.31833,15,3114.447207
9.238903,12,3117.142167
11.056137,14,3120.225332
5.211506,7,3121.904774
7.391516,10,3125.877716
7.533635,10,3128.149507
11.208188,15,3131.428237
10.550209,14,3134.626733
18.035017,20,3140.871332
8.584954,11,3143.492927
16.899792,20,3147.964928
10.689248,14,3151.941535
1.787913,3,3153.858945
8.782362,12,3157.086759
7.659062,10,3159.263765
11.429396,15,3162.600905
17.53473,20,3168.913581
16.717256,20,3173.337682
16.481677,20,3179.723173
11.810222,16,3185.082702
9.84601,13,3188.0644
11.105639,14,3191.227188
16.763284,20,3197.350181
17.176619,20,3201.83702
17.055281,20,3206.349534
1.994115,3,3207.114084
10.478454,13,3211.762267
9.62554,12,3214.475699
9.722795,13,3217.351203
5.808156,8,3219.103205
10.642215,14,3222.703444
3.258173,5,3224.662481
16.210894,20,3229.435039
16.213341,20,3233.904065
16.634595,20,3240.177676
1.721736,3,3240.877345
16.188891,20,3252.322895
12.063568,16,3256.460221
17.433531,20,3260.949421
9.874564,13,3264.18206
11.276327,15,3268.948261
9.647321,13,3271.891271
16.851566,20,3276.544289
8.174965,11,3280.171737
9.096977,12,3283.487633
16.898841,20,3288.037993
16.146128,20,3293.42154
16.945182,20,3298.849643
3.200935,5,3299.999922
11.54626,15,3303.444181
15.472277,20,3309.782389
5.67863,8,3311.611561
17.435017,20,3316.056048
1.661038,3,3316.778673
17.432396,20,3322.604038
8.249971,11,3325.657785
16.230882,20,3330.189177
16.280405,20,3335.413657
0.983682,2,3336.218863
11.775483,16,3340.427048
16.831421,20,3345.064571
18.26276,20,3352.875032
11.307814,15,3356.545245
16.46275,20,3361.141563
16.254399,20,3366.881173
16.301261,20,3371.707975
18.301685,20,3376.231758
17.432957,20,3382.493563
4.122269,6,3383.841978
10.648197,14,3386.977602
10.497028,14,3390.115069
10.700031,14,3394.257632
1.930941,3,3395.485047
16.23407,20,3400.152812
7.483294,10,3402.40273
8.896253,11,3404.873599
17.345182,20,3411.222305
17.254562,20,3415.731838
17.547063,20,3420.569129
5.216532,7,3423.212541
16.989627,20,3428.095675
18.399658,20,3432.600058
11.449235,15,3437.645746
10.24387,13,3440.687806
10.420298,14,3443.883478
16.278514,20,3448.801389
4.716068,7,3451.528727
16.480407,20,3456.427214
16.930452,20,3460.883285
16.67808,20,3467.091379
11.406915,15,3470.39708
10.624552,14,3473.650543
17.745127,20,3479.705066
4.995631,7,3481.440453
9.927409,13,3484.587306
16.853676,20,3489.270093
16.392786,20,3495.974649
1.796316,3,3496.675073
16.301684,20,3501.272771
17.332316,20,3507.44449
16.162789,20,3512.635257
16.213408,20,3517.322263
17.521757,20,3525.648156
17.077594,20,3530.397963
17.879658,20,3535.097789
5.877877,8,3538.089004
2.595814,4,3539.530317
11.291489,15,3542.896063
16.299967,20,3547.504826
11.119313,15,3552.030646
16.611165,20,3557.17331
11.269738,15,3560.56422
1.776514,3,3561.245269
16.232123,20,3567.701567
17.500327,20,3572.260017
9.829655,13,3575.21848
7.567303,10,3577.617424
16.367606,20,3583.902776
16.500931,20,3588.425877
16.61106,20,3593.961472
17.389084,20,3599.243881
11.780413,15,3602.702861
16.680406,20,3608.740419
16.166668,20,3613.788538
17.278907,20,3618.381664
16.818536,20,3624.831576
16.505991,20,3629.479371
14.675486,19,3633.817311
5.398369,7,3636.506398
16.476264,20,3641.618529
18.067068,20,3646.152687
6.285416,9,3648.264763
16.785812,20,3654.417746
16.275909,20,3659.025802
6.574347,8,3660.779336
11.383863,14,3665.345017
16.24623,20,3670.361017
11.148445,15,3673.943845
18.413741,20,3680.050175
17.413741,20,3684.816494
10.64712,14,3687.960678
18.273796,20,3695.752943
5.127745,7,3697.796355
16.531286,20,3702.441357
17.819594,20,3707.330559
12.330505,15,3712.278034
16.455134,20,3716.972483
8.253669,11,3719.514204
16.213674,20,3725.88117
5.738893,8,3727.652223
17.477779,20,3732.205769
17.146128,20,3738.139065
10.692905,14,3741.608462
17.196255,20,3746.254699
9.567304,13,3749.352005
9.391249,11,3753.334561
2.360776,4,3754.211882
16.922557,20,3758.712625
16.988447,20,3763.515077
3.227697,5,3765.468275
16.92519,20,3770.58669
16.21,20,3774.985385
17.229396,20,3781.327447
3.610536,5,3782.41593
16.388683,20,3786.930653
10.521337,14,3797.543865
16.92275,20,3802.164728
8.231924,11,3804.685001
16.410097,20,3811.139819
4.192258,6,3812.659048
7.467313,10,3815.066662
1.769655,3,3815.720817
16.276005,20,3821.31301
9.787743,13,3825.013462
17.298503,20,3829.534781
17.123169,20,3835.0193
10.611683,14,3839.247965
17.500198,20,3843.942181
16.567188,20,3849.384083
9.975417,13,3853.23232
10.048081,13,3856.19002
17.699705,20,3861.842841
10.406069,14,3867.661728
17.300932,20,3872.255876
11.396366,15,3875.710991
16.035029,20,3882.248794
17.378444,20,3886.854067
8.752656,11,3889.327835
11.907366,16,3894.04357
3.974128,6,3896.06893
3.426987,5,3897.208711
17.253687,20,3901.786874
17.510234,20,3906.731198
17.457239,20,3912.54097
18.080006,20,3917.128498
10.935738,14,3920.636364
1.86203,3,3921.875647
17.210946,20,3927.235765
9.846057,13,3930.166078
8.963623,12,3932.883342
16.069015,20,3939.15994
11.402382,15,3942.62562
16.100738,20,3947.220004
1.652546,3,3947.89598
17.305404,20,3954.179111
16.456083,20,3958.556098
16.168848,20,3963.912288
7.679295,10,3967.207155
7.474586,10,3969.41569
17.589749,20,3974.090265
2.786447,4,3975.019193
17.976687,20,3981.282381
9.742603,13,3984.248026
16.367183,20,3988.866149
9.412107,12,3992.716231
17.547074,20,3997.914233
16.434281,20,4002.358231
5.745909,7,4003.967172
17.347074,20,4010.237726
10.425889,14,4013.400246
16.147063,20,4017.860155
10.840513,14,4022.827612
17.389415,20,4027.341906
16.056315,20,4034.0966
2.565266,4,4035.625563
17.879997,20,4040.777634
16.101684,20,4045.399299
10.10803,13,4049.202804
12.202785,16,4053.679778
17.613741,20,4058.111943
16.389636,20,4063.628922
11.169386,15,4067.582608
16.211849,20,4072.028089
7.262437,9,4074.043016
18.212991,20,4080.280908
17.720768,20,4084.744835
17.855519,20,4089.309177
16.520845,20,4095.608843
4.885421,7,4097.179032
10.640756,14,4100.283112
11.259686,15,4104.162244
17.67741,20,4110.212795
16.123906,20,4114.973006
11.946118,16,4119.660468
17.367579,20,4125.136686
16.283844,20,4129.871057
10.785821,14,4134.836415
10.370557,14,4138.688905
7.309034,10,4141.133264
17.856415,20,4146.297885
17.347074,20,4152.388848
17.36835,20,4157.132385
16.057239,20,4163.031579
12.517191,16,4167.112002
5.643815,8,4168.887164
16.013741,20,4173.359885
4.59701,6,4175.504506
7.431552,10,4178.875622
16.013741,20,4183.377042
14.763019,18,4187.618503
17.430108,20,4193.866176
9.680407,13,4196.804974
17.388584,20,4203.721637
16.231465,20,4209.418296
1.048598,2,4209.858401
16.217126,20,4214.653236
17.434618,20,4220.988215
17.189627,20,4225.606586
16.187732,20,4230.104923
17.412992,20,4236.439497
6.403686,9,4238.475761
11.61261,14,4241.611102
16.235021,20,4247.300475
8.748353,12,4250.483428
17.031635,20,4255.05982
18.080407,20,4260.43725
17.656086,20,4265.907043
10.222037,13,4268.963566
10.854658,14,4272.051589
17.880396,20,4278.391171
17.076755,20,4283.071078
11.85786,15,4286.650283
17.315513,20,4292.823195
17.812795,20,4297.277708
16.035017,20,4302.662166
1.929504,3,4303.80023
17.412107,20,4308.60205
9.654297,11,4311.054336
12.27528,15,4314.44151
17.879268,20,4320.66499
17.413741,20,4325.260984
1.949667,3,4325.923706
10.659626,14,4329.294374
9.551449,13,4333.794561
7.791242,10,4336.060403
6.330372,9,4345.158101
11.951551,16,4349.60698
17.323153,20,4354.100656
17.389836,20,4359.957594
17.501339,20,4366.757309
17.347074,20,4371.831005
8.089159,10,4375.51224
16.079655,20,4380.179775
10.552277,14,4383.531229
17.12296,20,4390.111649
10.357152,14,4393.391028
17.30065,20,4398.081288
17.211113,20,4404.550561
11.193069,15,4408.058925
10.017167,13,4411.114228
10.750699,14,4415.426104
5.971205,8,4418.165135
7.065318,9,4420.306402
16.364982,20,4425.043308
3.19627,5,4426.223156
16.300516,20,4432.702902
17.412405,20,4437.521056
17.413741,20,4442.651334
17.412989,20,4448.765325
16.520033,20,4453.499677
17.976743,20,4460.048362
16.545116,20,4464.918257
17.480407,20,4469.720753
12.111395,15,4475.104706
10.734075,14,4478.407113
17.346128,20,4483.264034
18.218369,20,4489.723672
17.347074,20,4494.325886
18.345302,20,4499.558875
16.679462,20,4505.513177
17.467068,20,4510.44994
10.445443,14,4515.124551
17.346128,20,4520.797138
16.345171,20,4525.849734
17.315112,20,4533.620445
9.044773,12,4537.226286
5.492573,7,4538.851857
16.190516,20,4545.30757
9.072135,12,4548.06409
11.271956,15,4551.399406
16.147074,20,4556.810884
16.14351,20,4562.395908
10.069486,13,4565.465186
17.479658,20,4570.820186
6.465388,9,4573.788201
16.898636,20,4578.253535
10.470413,14,4581.353603
11.149814,15,4586.215879
17.998632,20,4591.362979
17.22097,20,4595.921735
17.412795,20,4602.271034
17.500913,20,4606.948706
5.125185,7,4608.562507
11.089809,15,4612.43148
18.613739,20,4618.285393
9.764913,13,4621.212188
16.202348,20,4626.314102
3.697404,5,4628.274309
17.212045,20,4633.317526
17.347074,20,4637.941052
5.69823,7,4639.526533
11.584988,15,4644.647815
17.323906,20,4649.297628
1.688823,3,4649.97024
16.856083,20,4654.946153
16.300554,20,4660.559329
16.287311,20,4665.041965
10.434942,14,4668.443143
11.775755,16,4673.447942
17.435017,20,4677.819317
7.594871,10,4680.20016
17.347074,20,4686.414745
17.207972,20,4691.075107
8.174475,11,4693.446958
17.323906,20,4699.941019
16.168018,20,4706.395952
9.2488,12,4709.04995
17.746322,20,4715.327884
17.056083,20,4719.907884
16.254941,20,4724.451089
17.347074,20,4730.934582
7.232157,10,4733.319227
16.468614,20,4738.058457
17.546322,20,4744.410574
10.51449,14,4747.473632
9.040291,12,4750.23743
16.633536,20,4755.708687
16.411461,20,4761.178529
16.389809,20,4765.85429
17.189627,20,4772.240566
17.680407,20,4776.74384
1.8181,3,4777.406157
17.100348,20,4782.446808
17.367601,20,4788.228821
17.679655,20,4792.826795
16.808724,20,4798.936023
16.146128,20,4803.726608
17.480405,20,4808.220585
16.200401,20,4814.493727
9.960289,13,4817.4215
17.122206,20,4821.939868
11.880434,16,4826.989658
4.056098,6,4828.578841
11.762716,15,4831.952425
16.744496,20,4836.328414
11.177829,15,4841.546471
10.384359,13,4844.645357
17.334734,20,4849.094495
10.065535,13,4852.292857
17.278727,20,4858.226133
1.749759,3,4858.898334
8.636984,11,4861.42588
11.604703,14,4865.177987
17.280407,20,4872.643308
11.086908,15,4876.08364
17.409959,20,4880.539031
16.080407,20,4886.777632
10.327416,14,4889.923426
16.077165,20,4901.764316
17.880407,20,4906.338757
17.547074,20,4911.594791
16.278516,20,4916.995326
16.080407,20,4921.528022
17.121802,20,4927.718704
9.483981,12,4930.394113
16.85103,20,4934.899975
10.691288,14,4938.339664
17.467068,20,4944.439268
3.529441,5,4945.554928
17.166015,20,4950.032754
17.053346,20,4956.128901
11.243407,15,4959.531684
16.233335,20,4963.9769
11.376065,15,4968.441037
8.088596,11,4971.466799
16.145796,20,4976.170923
12.823921,17,4979.926394
6.447217,9,4983.394773
17.707294,20,4988.200062
16.212991,20,4992.712142
10.526935,14,4997.279316
11.251908,14,5000.769216
16.12296,20,5005.497663
17.301684,20,5011.510844
10.666329,14,5014.861869
16.283844,20,5019.255821
17.547074,20,5025.322248
1.994686,3,5026.348213
6.418233,8,5028.124461
3.27302,5,5029.552252
16.145378,20,5035.814137
17.134153,20,5042.033769
16.346684,20,5046.560272
16.27846,20,5051.526297
17.480407,20,5057.175709
1.202906,2,5057.607013
9.710094,13,5060.532652
17.189821,20,5065.70707
11.858618,16,5070.517943
17.27778,20,5075.124907
6.918414,9,5077.305082
11.116667,15,5082.372421
5.606682,8,5084.149921
10.402329,14,5087.412107
9.111361,12,5090.09389
11.367983,15,5094.183957
11.453663,15,5098.720031
4.847232,7,5100.348621
10.100135,13,5103.291431
17.347074,20,5108.797543
12.549322,16,5113.228979
16.885818,20,5117.638541
16.433276,20,5123.518021
16.013741,20,5128.560516
16.080407,20,5133.169851
11.248433,15,5137.90972
17.402348,20,5142.76805
16.598388,20,5147.315166
11.998231,16,5152.647714
16.630117,20,5157.031505
10.650466,14,5160.238194
17.41374,20,5166.504474
10.798838,14,5169.7828
7.418463,10,5172.109723
8.584205,11,5174.552287
16.099056,20,5180.751768
17.146128,20,5185.378885
17.49838,20,5189.864877
17.467258,20,5197.569999
16.163054,20,5202.528028
17.16648,20,5207.945548
8.173055,11,5210.958557
17.680407,20,5215.494094
16.32156,20,5220.372554
10.428596,14,5224.87562
10.417131,14,5227.944633
16.100947,20,5232.290219
3.641978,5,5233.541018
9.663869,12,5237.946581
17.613741,20,5242.45538
17.944338,20,5247.062003
16.277023,20,5253.290568
5.679296,8,5255.091498
16.301351,20,5259.64492
16.269005,20,5266.029898
18.013741,20,5270.536891
12.758873,16,5274.081765
17.347074,20,5280.284494
7.933442,11,5282.807401
11.225304,15,5286.381225
16.745376,20,5292.338013
17.411794,20,5297.589479
17.012795,20,5302.263949
17.678507,20,5308.655668
6.16333,8,5310.56696
10.828654,14,5313.735575
17.456503,20,5318.48308
8.168299,11,5322.439967
2.055586,3,5323.115572
16.013741,20,5327.773156
11.54624,15,5331.180799
11.10547,15,5336.487962
10.022764,13,5339.565377
17.480407,20,5344.301623
5.655613,8,5346.261777
16.878529,20,5352.541773
8.908217,12,5355.295426
7.338255,10,5357.638023
17.777671,20,5365.871465
7.270643,10,5368.170099
16.413741,20,5372.740806
8.734538,11,5375.268574
16.146741,20,5381.52819
17.479658,20,5386.14281
6.454047,8,5387.992317
17.161829,20,5394.353662
5.506486,7,5395.935688
8.978047,12,5398.696233
16.366669,20,5403.359917
17.65496,20,5409.7901
17.368349,20,5414.540368
17.054379,20,5419.979447
17.347074,20,5425.501889
17.480407,20,5430.249227
17.551908,20,5436.604418
17.389836,20,5448.844004
16.467932,20,5454.109274
11.760815,16,5457.69357
9.464027,12,5460.57629
16.278061,20,5466.896192
17.776549,20,5471.530108
16.28035,20,5477.31017
17.255666,20,5482.47692
11.058057,14,5485.641157
11.917403,16,5489.809486
17.233128,20,5495.724131
17.256261,20,5500.226447
17.483745,20,5506.493083
17.413739,20,5511.039006
17.612991,20,5515.84171
17.547074,20,5522.284735
11.77759,15,5527.269583
11.122832,15,5530.627509
16.966437,20,5536.961669
4.082993,6,5538.310032
16.321214,20,5542.832794
4.525258,6,5544.138656
16.16835,20,5550.372789
1.892367,3,5551.073143
17.456082,20,5555.593453
10.489545,14,5558.743042
10.585155,14,5563.600074
9.077548,12,5566.313899
6.447217,9,5568.272722
10.60947,14,5571.542287
17.212795,20,5578.014998
6.386917,9,5580.114184
10.267116,13,5583.367989
17.547072,20,5588.605371
16.211653,20,5594.259927
10.661808,14,5597.344233
17.547074,20,5602.537097
17.412059,20,5608.281752
1.838275,3,5608.983749
11.901026,16,5612.562289
11.103646,15,5616.618412
17.347074,20,5622.178416
16.013741,20,5626.775352
16.056315,20,5632.839674
17.402348,20,5637.731386
17.30075,20,5642.257843
10.713913,14,5647.225172
16.256294,20,5651.87918
16.721049,20,5656.476013
9.728013,13,5660.925513
1.663495,3,5661.849104
11.175792,15,5665.37985
17.277114,20,5669.968554
17.275915,20,5676.345081
17.301684,20,5680.983633
17.479658,20,5686.109494
9.113748,12,5691.268559
11.339668,15,5695.456313
16.013741,20,5700.0847
17.347074,20,5706.309341
1.850708,3,5707.147135
16.147074,20,5711.701322
16.057239,20,5716.372417
17.209919,20,5722.562469
17.304527,20,5727.375834
17.323906,20,5732.864261
16.699749,20,5738.299453
16.498011,20,5742.802241
6.668116,9,5744.980301
11.172311,15,5749.90831
17.300738,20,5754.400875
16.080407,20,5759.224404
16.301684,20,5765.36783
17.356958,20,5769.881423
11.108297,15,5773.454458
17.009976,20,5779.59261
11.378048,14,5782.82957
2.755271,4,5783.730105
17.746322,20,5789.098432
16.12296,20,5794.485633
17.800978,20,5798.998958
10.403017,14,5802.702708
9.575438,13,5806.687766
17.855135,20,5811.113706
16.080407,20,5816.263549
10.461076,14,5820.683658
16.41863,20,5825.177625
17.167383,20,5829.973798
16.480398,20,5836.036106
16.588657,20,5840.526793
17.455604,20,5846.81169
16.141575,20,5853.512353
16.922233,20,5858.564774
11.153555,15,5863.16162
16.14935,20,5867.718156
11.089813,15,5871.047991
16.508214,20,5877.347477
17.409127,20,5881.909579
16.566249,20,5887.247135
11.21184,15,5891.739567
16.2787,20,5896.448033
9.656151,13,5899.487456
17.187962,20,5905.815336
17.345381,20,5910.461
16.532388,20,5915.91803
9.088955,12,5919.572183
9.980896,13,5922.730733
11.33382,15,5926.22765
9.052207,12,5929.860137
10.352567,14,5934.188833
17.233113,20,5938.94576
11.763867,16,5942.982596
7.996267,11,5946.792785
16.589237,20,5951.328794
17.256291,20,5955.855671
17.613739,20,5962.253991
16.080407,20,5966.896816
11.113019,15,5970.523497
16.188665,20,5976.768734
1.812019,3,5977.451294
17.413741,20,5981.965574
17.413741,20,5993.826585
11.23414,15,5997.307367
18.075584,20,6003.780407
11.14738,15,6007.171587
16.545161,20,6014.217842
17.131241,20,6019.773239
10.494995,14,6023.094953
1.694382,3,6023.754468
17.547074,20,6029.47256
17.413741,20,6034.526134
10.079802,13,6037.484341
16.509428,20,6042.911686
9.759687,13,6046.733901
16.721804,20,6051.249924
16.146325,20,6056.761299
11.330263,15,6061.003808
4.894396,6,6062.368662
8.056503,11,6064.82534
17.212795,20,6069.855136
4.329404,6,6074.789363
11.303266,15,6078.282197
17.279462,20,6082.824943
16.3866,20,6089.055011
16.211113,20,6093.497392
17.547074,20,6098.389739
7.372941,10,6101.941548
17.146128,20,6106.431127
16.146265,20,6110.891508
16.544237,20,6117.133963
17.833985,20,6121.572678
8.432013,11,6124.026665
16.320328,20,6130.103953
17.345161,20,6134.590741
17.547074,20,6139.11206
11.596664,14,6144.036374
16.146128,20,6148.554924
9.726768,13,6151.319745
10.318862,14,6155.424943
12.455795,16,6159.78225
16.456294,20,6164.246203
16.188702,20,6169.841998
10.316983,14,6175.612326
17.628364,20,6180.188166
16.347005,20,6186.038765
16.013741,20,6190.988213
16.167614,20,6195.608868
17.602348,20,6201.868766
11.363877,15,6205.355982
17.879391,20,6209.797263
1.864747,3,6210.468457
16.943233,20,6216.878858
6.684853,9,6218.936218
11.267267,15,6222.248211
16.145374,20,6228.008803
11.833106,16,6232.183897
17.347074,20,6236.691616
3.070171,4,6237.613755
17.389415,20,6243.70955
17.547074,20,6248.243532
1.673504,3,6248.92943
3.366475,5,6249.986983
16.167395,20,6255.163694
17.547074,20,6260.767706
7.077159,9,6262.756402
16.135681,20,6267.255046
1.974239,3,6268.148044
16.212991,20,6274.107615
7.437025,9,6276.194859
17.059032,20,6280.733944
17.323906,20,6287.136691
1.744916,3,6287.82737
11.846331,15,6291.124501
16.013741,20,6295.556911
9.850767,13,6300.211105
17.347074,20,6304.720955
3.249022,5,6305.925353
7.544082,10,6308.239477
16.921991,20,6314.513429
9.813598,13,6317.567813
16.280407,20,6322.158161
4.135419,6,6323.473244
11.184009,15,6328.631047
16.277128,20,6334.94118
9.890717,13,6337.896982
10.416698,14,6342.73894
6.43834,9,6344.72884
17.212462,20,6349.187373
17.632634,20,6354.882082
17.322224,20,6359.955329
16.967403,20,6364.52194
17.613741,20,6370.781684
17.731388,20,6375.291238
16.27777,20,6379.963838
16.101684,20,6386.210738
11.406099,15,6389.595938
1.919305,3,6390.244711
16.212043,20,6395.168416
10.543927,14,6399.544754
17.300759,20,6404.150954
17.413741,20,6409.309045
11.345323,15,6413.879956
16.946128,20,6418.502767
10.570576,14,6421.677927
17.279462,20,6428.023097
16.12296,20,6432.397847
1.75014,3,6433.004508
11.879139,16,6437.188393
7.987384,11,6441.022578
16.533773,20,6445.441033
16.209981,20,6449.929566
16.933986,20,6456.069532
17.211637,20,6460.522509
16.078518,20,6465.577517
8.774676,12,6469.395218
17.344775,20,6473.841281
16.666735,20,6478.360045
17.756012,20,6484.568932
17.52157,20,6489.256178
10.330527,14,6493.703974
7.571988,10,6498.522053
16.345114,20,6503.554967
17.720063,20,6508.347702
17.467068,20,6514.551957
11.895139,16,6518.278615
8.259038,11,6520.726554
17.056083,20,6527.002429
6.030806,8,6529.043139
11.283221,15,6539.960988
16.100728,20,6545.07298
12.944591,17,6549.236221
10.618733,14,6553.059325
17.413741,20,6558.997443
10.34933,14,6562.475786
16.101684,20,6568.394715
9.647217,13,6571.916757
17.546325,20,6576.488495
16.079462,20,6582.207095
17.301684,20,6587.43151
10.542374,14,6590.637328
11.296959,15,6594.229941
16.101684,20,6600.471826
16.080407,20,6604.87423
16.277708,20,6610.610504
11.267536,15,6614.685685
10.427496,14,6617.838971
10.455701,14,6621.037537
17.323918,20,6627.426333
16.36665,20,6632.006366
16.123906,20,6637.096699
16.035029,20,6643.070591
16.143809,20,6647.647503
16.057239,20,6653.988784
6.321495,9,6657.832554
18.078128,20,6662.570114
17.347074,20,6667.907392
12.171286,15,6672.434402
3.222254,5,6673.541395
17.547074,20,6678.229918
16.744234,20,6684.634044
16.211794,20,6689.208663
16.565072,20,6693.837451
11.137598,15,6699.070224
8.017956,10,6701.465012
17.413741,20,6706.173752
17.479658,20,6712.418239
17.347074,20,6717.096323
17.410458,20,6721.730878
11.246022,15,6726.892365
11.125416,15,6730.316287
11.095892,15,6733.737137
2.520093,4,6734.61437
16.035017,20,6740.988066
17.666735,20,6745.48203
14.45733,19,6749.612278
12.195556,16,6754.976788
10.391182,14,6758.040954
6.506735,9,6760.025244
16.967405,20,6764.506572
17.279462,20,6770.762731
17.413741,20,6775.232744
16.146128,20,6780.364983
10.453454,14,6784.712991
16.347074,20,6789.38941
6.193045,8,6791.302206
16.256446,20,6797.605541
11.156819,15,6801.449988
16.101684,20,6805.954911
10.147067,13,6810.246238
17.412989,20,6816.92033
11.982054,16,6820.43478
10.595404,14,6825.349728
16.123906,20,6830.043447
11.716764,16,6833.714231
17.744024,20,6840.096344
16.190516,20,6844.488766
17.188691,20,6849.059705
3.185825,5,6850.832773
17.301684,20,6856.61405
1.665994,3,6857.323856
17.546325,20,6862.063075
16.210904,20,6868.411022
1.861801,3,6869.139042
16.23079,20,6873.869617
17.010358,20,6879.782694
16.566738,20,6885.348419
17.546126,20,6890.240811
12.010982,16,6895.810793
2.630809,4,6896.775842
17.602348,20,6901.51843
16.210905,20,6906.201874
11.147978,15,6911.11445
4.11453,6,6912.451785
17.232925,20,6917.088073
16.544237,20,6923.244282
11.935958,16,6927.279105
16.868069,20,6931.77357
17.256487,20,6938.101595
11.783198,15,6941.379557
7.278727,10,6943.594153
16.146325,20,6948.175678
8.729035,12,6952.598153
16.811779,20,6957.066955
2.830063,4,6957.994021
16.32275,20,6962.606858
16.655674,20,6968.819161
12.071541,16,6974.185583
11.791914,16,6978.953918
17.367406,20,6984.24135
4.922833,7,6985.872976
16.543076,20,6990.520639
17.146128,20,6996.813245
17.211301,20,7001.253555
11.109913,15,7004.57884
17.347074,20,7010.80986
12.820618,17,7014.667017
17.413741,20,7019.471391
1.847201,3,7020.597191
17.347074,20,7025.894966
16.080407,20,7030.37851
9.877414,13,7033.618807
9.897947,13,7037.853881
16.013741,20,7042.603508
12.001145,16,7046.113554
12.443761,16,7051.44897
17.347074,20,7055.793944
17.413741,20,7060.331079
16.174312,20,7066.495264
16.189627,20,7071.093875
16.347074,20,7076.121456
17.368294,20,7090.824685
16.879462,20,7097.271898
17.368351,20,7102.704579
17.567192,20,7109.636977
17.546325,20,7114.509396
17.413741,20,7120.444217
8.178135,11,7123.66953
17.212041,20,7128.278068
17.099984,20,7136.485536
16.301684,20,7141.251443
9.49703,12,7144.099255
18.174522,20,7150.395889
17.323906,20,7154.941725
17.010361,20,7159.494416
11.305153,15,7165.208201
17.123906,20,7169.671201
17.034071,20,7174.280402
5.812795,8,7177.056611
17.144426,20,7182.540394
17.811844,20,7187.294999
7.484926,10,7190.124647
7.974833,11,7193.905949
10.658331,14,7197.11899
17.012795,20,7201.801261
16.211461,20,7208.020169
11.253237,15,7211.449281
6.400072,8,7213.207266
17.068069,20,7218.247181
6.723236,9,7221.613167
16.23405,20,7226.256656
17.699275,20,7230.623891
16.878709,20,7236.816315
11.786622,16,7240.440677
17.323906,20,7245.148211
16.100728,20,7251.362539
5.381759,7,7252.913344
10.408628,14,7256.138641
16.946128,20,7261.716751
17.367579,20,7266.99422
16.210915,20,7271.500886
16.944239,20,7277.770046
17.255309,20,7282.476084
3.588936,5,7283.648449
11.347184,15,7287.097726
17.32317,20,7295.532836
6.532524,9,7297.556216
17.412989,20,7302.029409
17.323135,20,7307.998747
3.323571,5,7309.374084
10.542173,14,7312.624048
16.013741,20,7317.102993
16.745444,20,7323.253165
13.74257,17,7327.023636
17.255309,20,7331.440346
16.18768,20,7337.552044
1.838396,3,7338.184258
16.234265,20,7342.831138
16.067672,20,7347.850484
16.035029,20,7353.567642
17.279462,20,7358.139267
9.662704,13,7361.359467
17.347074,20,7367.256962
10.461631,14,7370.26965
17.278691,20,7374.756864
11.168931,15,7379.74758
16.101695,20,7384.245292
17.744728,20,7388.661006
16.203859,20,7394.848157
11.768107,16,7398.319791
11.111285,15,7401.801067
11.284704,14,7406.554961
16.013741,20,7411.354996
17.32317,20,7415.823567
17.588937,20,7422.001587
17.347074,20,7426.618299
2.36695,4,7427.459821
16.147074,20,7432.715364
12.331089,16,7437.399346
11.184938,15,7440.751725
16.013741,20,7445.639392
16.013741,20,7453.284267
17.412989,20,7457.671016
17.412989,20,7462.222456
11.999848,16,7467.672094
17.277785,20,7472.104213
3.428256,5,7473.183172
17.444362,20,7478.630231
10.493315,14,7482.535576
17.347074,20,7486.938
16.96667,20,7492.100814
18.123219,20,7497.785219
17.23405,20,7502.289705
17.347074,20,7508.531979
16.235017,20,7513.106007
10.341383,14,7516.260474
11.313053,15,7520.39386
8.993051,12,7524.132984
16.013741,20,7528.621368
17.480407,20,7533.305997
10.435483,14,7538.004037
16.057239,20,7542.535473
17.613741,20,7547.087317
5.552585,8,7550.242845
16.07832,20,7555.009283
16.013741,20,7559.570892
17.347074,20,7565.94317
17.547074,20,7570.347753
16.333109,20,7574.779467
16.320058,20,7581.028253
17.299421,20,7585.579247
6.484345,8,7587.321275
11.536779,15,7591.807277
7.523936,10,7594.565486
17.100717,20,7599.023058
17.056083,20,7604.939502
16.12296,20,7611.534333
16.077591,20,7616.153777
4.756929,7,7617.758792
16.212795,20,7623.941217
17.347074,20,7628.427732
16.041028,20,7640.077677
17.190573,20,7644.67621
11.145846,15,7648.35843
16.013741,20,7654.163225
16.187617,20,7658.600499
11.853513,16,7662.444822
16.190573,20,7668.247822
16.257237,20,7672.62988
11.440157,15,7676.378665
7.348968,10,7679.979984
16.900717,20,7684.456686
10.852897,14,7687.618049
17.399455,20,7693.785303
8.128618,11,7696.29285
17.347074,20,7700.811398
10.330673,14,7704.241875
4.023177,6,7706.458655
17.413741,20,7711.527238
11.126069,15,7714.872317
16.045427,20,7720.519983
17.567728,20,7725.538051
16.367613,20,7730.116697
17.278727,20,7736.45601
17.32317,20,7740.86141
16.057239,20,7745.497778
16.390573,20,7751.664015
11.341694,15,7755.208738
11.820881,16,7758.815648
17.347074,20,7767.043135
16.078282,20,7771.523512
11.841293,16,7775.138339
11.244051,15,7780.382142
12.073853,16,7784.187762
17.468263,20,7788.717216
16.013741,20,7794.913737
2.497062,4,7795.769723
17.680407,20,7800.290386
17.545932,20,7804.697683
16.772275,20,7810.839189
4.420481,6,7812.209964
4.385472,6,7813.596715
16.321064,20,7818.080476
16.100949,20,7824.394049
8.786382,12,7827.132753
11.335987,15,7830.564796
11.237657,15,7834.811065
17.36835,20,7840.30544
13.768478,18,7844.394793
16.122972,20,7850.22477
16.080407,20,7855.083927
17.412989,20,7859.492482
16.013741,20,7865.557296
16.410462,20,7869.829797
17.323906,20,7874.366913
11.795475,16,7879.612245
17.389836,20,7884.110667
11.732322,16,7887.673397
17.390584,20,7893.839296
10.782311,14,7896.861932
17.034071,20,7901.345411
9.018838,12,7904.738655
11.310147,15,7909.334794
16.987734,20,7914.113788
17.323906,20,7921.617352
17.547074,20,7926.684161
4.323104,6,7928.057303
17.188469,20,7932.391234
11.172828,15,7937.554368
17.480407,20,7942.005132
1.590772,3,7942.704262
11.20881,15,7946.102914
11.411126,15,7951.211602
16.967405,20,7955.762779
16.876567,20,7960.379001
17.408978,20,7966.658955
11.740594,16,7970.25752
11.490519,15,7973.646268
11.865892,16,7978.868698
10.614031,14,7982.218588
17.480018,20,7986.898648
2.659904,4,7987.783666
11.247433,15,7992.576202
16.013741,20,7997.553582
11.1444,15,8001.13973
10.535377,14,8005.350084
17.345374,20,8010.781106
16.013741,20,8015.34685
11.514145,15,8019.913607
16.147072,20,8025.295835
10.740824,14,8028.471741
10.515151,14,8031.822767
17.413741,20,8038.112409
16.034281,20,8042.651965
16.32296,20,8048.521321
17.323918,20,8053.4846
17.119392,20,8058.069877
16.101695,20,8064.401921
17.666678,20,8068.800102
11.112353,15,8072.292358
16.146741,20,8080.374676
11.894876,16,8083.90893
10.434532,14,8087.167961
16.12296,20,8092.385136
16.147074,20,8097.816741
17.233859,20,8102.396307
16.705967,20,8108.779715
11.363475,15,8112.27473
17.41374,20,8116.927271
17.347074,20,8123.349926
16.035017,20,8127.938923
16.58815,20,8132.426389
11.194433,15,8137.549215
10.789252,14,8140.735531
7.44155,10,8143.040018
17.389084,20,8148.338969
9.959266,13,8152.273327
6.395641,9,8154.287162
6.462704,9,8156.358067
17.813741,20,8161.128377
16.234618,20,8167.080214
11.801037,16,8170.679547
10.385589,14,8180.84845
16.766437,20,8185.315693
12.772099,16,8189.228884
8.860692,12,8193.462132
16.080407,20,8197.976061
17.012795,20,8202.540338
17.077779,20,8208.774346
16.501682,20,8213.318477
17.279462,20,8218.797777
11.095406,15,8223.001687
11.664936,16,8226.540238
17.347074,20,8232.458877
17.499302,20,8239.298271
16.080407,20,8243.881707
11.395299,15,8247.571542
16.364369,20,8253.728631
10.390299,14,8256.815009
11.651521,15,8260.320031
17.279462,20,8266.581095
17.012795,20,8271.07966
5.41459,7,8272.606441
1.839826,3,8273.281666
17.323906,20,8279.595224
16.453961,20,8284.116808
17.412989,20,8288.55789
11.260921,15,8293.69864
16.013741,20,8298.287361
17.456552,20,8302.884815
17.32317,20,8309.162774
10.508434,14,8312.317579
17.856555,20,8316.870454
11.559132,15,8322.037724
18.235015,20,8326.608369
17.347074,20,8331.140785
7.363684,10,8334.988055
17.480407,20,8339.785437
17.301684,20,8344.290239
7.847535,10,8347.15979
11.867965,16,8351.801039
7.50232,10,8354.031645
11.884446,16,8357.643753
10.393203,14,8361.808791
7.936978,10,8364.852238
16.080407,20,8369.41399
16.501684,20,8374.075686
16.790559,20,8380.139873
10.742657,14,8383.191673
7.091122,9,8385.427853
16.013741,20,8392.767209
16.987189,20,8398.070507
10.542347,14,8401.244954
16.167614,20,8406.703421
16.188484,20,8412.080259
17.347074,20,8416.464656
17.412043,20,8422.688969
16.013741,20,8427.197201
17.257239,20,8431.608526
16.456083,20,8437.935903
7.122754,10,8440.111398
16.212795,20,8444.526402
17.880396,20,8450.707281
16.655137,20,8455.173217
17.413741,20,8459.877174
16.480407,20,8466.208444
16.72275,20,8470.650815
17.347074,20,8475.82792
17.347074,20,8481.566722
4.12437,6,8482.939011
17.547074,20,8487.506849
17.212795,20,8493.763532
9.650432,13,8496.666651
8.171159,11,8499.083523
2.595202,4,8499.984582
16.145182,20,8505.764716
16.220935,20,8510.51141
11.15739,15,8513.778021
16.04718,20,8519.466896
16.168362,20,8524.466428
11.742334,16,8528.135474
11.797943,16,8532.613628
17.589324,20,8537.997744
17.178234,20,8543.216646
11.403842,15,8549.254438
9.535214,13,8552.155129
3.208741,5,8553.291523
17.012795,20,8557.632638
16.346128,20,8563.812402
7.348521,10,8566.024094
7.248787,9,8568.04492
16.14427,20,8572.442413
17.442345,20,8578.765297
10.595139,14,8581.831897
16.167385,20,8586.276969
16.16835,20,8592.442985
17.212795,20,8596.898792
17.412989,20,8601.682797
16.652423,20,8607.836671
17.347074,20,8612.150884
16.930185,20,8617.222076
17.680006,20,8622.774137
11.303963,15,8626.06263
16.147063,20,8631.207236
16.08035,20,8636.911777
17.501688,20,8641.38263
9.617352,13,8644.790161
16.147007,20,8650.442258
10.582312,14,8653.658288
16.080407,20,8658.447988
8.137748,11,8662.411547
16.079655,20,8667.136502
16.079655,20,8671.695698
16.656272,20,8677.894851
17.535681,20,8682.387179
16.767405,20,8687.792854
11.17409,15,8692.003588
6.420852,9,8694.016424
16.069015,20,8700.668681
11.349766,15,8705.409229
17.545573,20,8709.807517
1.740367,3,8710.48747
1.762663,3,8711.146222
16.233126,20,8722.693878
17.301684,20,8727.330292
17.480407,20,8733.676684
17.32317,20,8738.292007
10.456818,14,8741.526581
17.207987,20,8747.695848
16.080407,20,8752.116823
17.420321,20,8757.059376
17.079462,20,8762.911702
16.210693,20,8767.279381
3.56883,5,8768.356951
16.057239,20,8774.49005
11.173266,15,8777.815005
17.122939,20,8782.267304
16.16836,20,8788.606277
10.633658,14,8791.753487
17.390573,20,8796.342973
16.080407,20,8802.594186
12.083049,15,8806.098783
16.013741,20,8810.816
16.257239,20,8817.215369
16.144446,20,8821.873142
16.280008,20,8826.5519
16.208978,20,8832.89867
17.480407,20,8837.376944
16.618722,20,8843.337783
5.169403,7,8845.484168
17.279462,20,8850.058755
17.533402,20,8857.513226
12.176533,16,8861.747811
16.920903,20,8866.202873
17.279462,20,8872.326339
16.147074,20,8877.507526
17.347074,20,8882.476844
17.634233,20,8889.304805
17.166223,20,8894.268026
17.480407,20,8900.612863
16.345376,20,8905.761918
8.897074,12,8908.60828
17.100736,20,8914.880746
7.965366,10,8917.432914
17.469015,20,8921.94095
16.168341,20,8927.421389
16.989627,20,8933.158092
10.530435,14,8936.459292
16.432137,20,8942.098001
17.323906,20,8947.432373
16.013741,20,8952.013364
16.080407,20,8958.368091
3.519842,5,8959.483618
16.112517,20,8964.32511
8.89748,12,8966.984852
8.831817,12,8971.062039
17.612991,20,8975.976788
16.035029,20,8980.445057
17.523507,20,8986.654795
16.462235,20,8991.207868
0.936525,2,8991.69066
17.413741,20,8996.657679
17.100717,20,9002.555005
11.218605,15,9006.677838
17.347074,20,9014.18142
17.947074,20,9018.76323
17.345159,20,9023.40355
16.099582,20,9029.738346
17.212795,20,9034.523361
10.616779,14,9037.83969
16.146128,20,9044.303737
7.279296,10,9046.661932
16.079462,20,9051.206025
11.229536,15,9056.359782
17.412044,20,9060.931761
1.633043,3,9061.623415
11.116952,15,9065.050398
12.179945,16,9070.449771
1.602851,3,9071.091853
16.080407,20,9075.658588
16.105173,20,9080.262785
10.708805,14,9085.146229
17.347074,20,9089.78298
17.855665,20,9094.459646
17.010878,20,9100.60238
11.135791,15,9104.224849
17.347074,20,9109.200198
5.628832,8,9112.366308
17.413741,20,9117.010923
17.347074,20,9121.824375
16.277515,20,9128.260672
16.013741,20,9132.701088
16.587502,20,9137.706611
17.389084,20,9143.351373
10.486444,14,9146.581605
10.386299,14,9149.699807
16.235017,20,9155.8811
16.147074,20,9161.677761
7.831082,9,9164.160287
11.167796,15,9169.186017
10.41274,14,9172.309475
17.612991,20,9176.909324
17.546325,20,9183.137921
16.410693,20,9187.57787
17.680398,20,9192.213951
17.347074,20,9198.402987
17.602348,20,9202.916308
10.589022,14,9206.11953
17.465789,20,9212.427972
3.537934,5,9213.54485
17.613741,20,9217.993886
17.877312,20,9223.679001
17.410779,20,9228.657438
16.080407,20,9233.088367
10.54314,14,9237.387969
16.123906,20,9242.703009
12.116572,16,9246.251983
17.747005,20,9252.109653
16.021698,20,9256.976434
17.480407,20,9268.53981
16.745376,20,9273.065504
5.793695,7,9274.635057
16.746128,20,9280.879842
16.079655,20,9285.450265
10.513193,14,9288.514047
10.279213,13,9291.940697
11.104278,15,9296.515516
8.059772,11,9299.039982
17.212795,20,9303.505457
1.897005,3,9304.159542
17.412993,20,9310.454197
16.178234,20,9316.932976
16.057239,20,9323.114729
16.099776,20,9327.527839
17.735681,20,9332.082571
17.056083,20,9338.412859
17.347074,20,9342.923739
10.194673,13,9345.796596
9.804129,13,9350.152626
6.614012,8,9352.31078
17.402348,20,9356.935695
16.854194,20,9361.709417
16.080407,20,9367.708706
17.36835,20,9372.200071
17.479658,20,9378.128625
6.575362,9,9380.549178
17.588998,20,9385.160316
16.786773,20,9390.132607
17.079462,20,9395.836106
4.122479,6,9397.244842
12.33414,16,9400.744891
8.575625,11,9403.152057
9.76724,13,9407.754702
11.226407,15,9411.099543
9.531959,13,9413.96927
17.61211,20,9419.517477
16.488194,20,9424.638958
17.367617,20,9429.105692
12.088939,16,9433.694882
10.968251,14,9437.52061
10.481754,14,9440.729032
17.279462,20,9445.488917
17.301684,20,9451.800063
16.544441,20,9456.217579
17.14518,20,9461.634933
16.202348,20,9468.617953
17.413741,20,9473.110951
16.301684,20,9479.35606
17.347074,20,9484.032521
9.685456,13,9486.995083
9.051409,12,9491.303819
10.559789,14,9494.600539
11.216426,15,9497.967654
17.413741,20,9503.173274
16.057239,20,9508.825805
17.49999,20,9513.259109
17.233859,20,9519.645354
17.323906,20,9524.005621
17.547074,20,9528.563698
16.456618,20,9534.853297
17.413741,20,9539.457729
17.479658,20,9544.07556
13.713982,17,9549.476918
11.803666,16,9553.082576
11.158721,15,9556.546541
1.668975,3,9557.239529
16.32089,20,9563.482154
6.48398,9,9565.473934
8.260843,11,9567.916533
16.121092,20,9572.758627
8.832763,12,9576.590642
17.323906,20,9581.113646
17.347074,20,9585.71942
17.610453,20,9591.961961
17.524102,20,9596.445899
17.144426,20,9601.944094
16.967383,20,9607.241762
11.891291,16,9610.73785
17.347074,20,9616.672445
17.189416,20,9623.522675
17.347074,20,9627.919021
16.486433,20,9634.140328
17.323906,20,9638.692309
16.013741,20,9643.122299
9.592824,13,9647.736318
16.210528,20,9652.225972
11.254287,15,9655.689278
16.167598,20,9662.721768
16.279452,20,9667.130453
17.613741,20,9671.896756
11.127375,15,9676.847183
4.834347,6,9678.228026
11.133004,15,9681.605541
16.322972,20,9686.732036
16.212043,20,9692.555851
17.279461,20,9697.129553
16.235017,20,9703.266247
11.780956,16,9707.004617
17.323906,20,9711.657857
11.807726,16,9716.615485
17.257239,20,9721.674304
17.500191,20,9726.250726
11.492746,15,9731.218638
17.30075,20,9735.831162
8.996367,12,9738.520772
16.213741,20,9744.031969
16.013741,20,9749.188766
16.013741,20,9753.782067
17.413741,20,9760.083131
7.345962,10,9762.367871
17.347074,20,9766.850607
9.526776,13,9770.596586
11.126188,15,9776.991886
11.023327,14,9780.162748
18.079658,20,9784.718446
10.408678,14,9788.888513
6.595053,9,9791.697056
9.814006,13,9794.554284
17.413731,20,9799.262457
16.146128,20,9811.428289
17.166672,20,9816.860799
16.612795,20,9822.264189
8.9378,12,9824.961832
11.106206,15,9828.328657
16.323906,20,9834.592424
9.980056,13,9837.486479
16.434071,20,9842.050497
16.922958,20,9848.067415
10.553163,14,9851.158896
17.347074,20,9855.63589
8.095132,11,9858.982753
17.347074,20,9864.486919
11.671251,15,9867.915968
16.344237,20,9873.697185
10.618823,14,9877.507337
11.700807,16,9881.14267
11.162983,15,9884.558138
16.299782,20,9890.780035
17.347074,20,9895.292521
16.147074,20,9900.227057
1.060946,2,9901.040676
16.987757,20,9906.526098
17.189638,20,9911.041245
16.078514,20,9917.063576
16.013741,20,9921.919969
17.212795,20,9928.345082
16.301684,20,9934.261027
10.012086,13,9937.120524
11.933323,16,9940.764325
10.710179,14,9945.614863
17.212795,20,9950.25018
11.235171,15,9953.681918
11.63343,15,9958.363748
11.12098,15,9962.242033
17.480407,20,9966.838106
16.146325,20,9972.747147
4.190136,6,9974.447521
16.855114,20,9978.878455
11.243665,15,9982.397881
17.733345,20,9988.618859
7.143372,10,9990.932733
11.139681,15,9994.219415
17.189416,20,9999.357437
7.918932,11,10002.878622
17.610709,20,10007.472773
16.035029,20,10012.4176
16.990573,20,10018.362818
10.580494,14,10021.551617
11.400421,15,10024.853744
12.452919,16,10030.162152
17.411794,20,10034.615171
11.154659,15,10037.919958
2.503488,4,10038.821713
16.365816,20,10045.118398
16.079462,20,10049.497983
8.660854,11,10052.001273
17.146128,20,10058.198761
11.163837,15,10061.467199
17.390506,20,10065.972112
17.347074,20,10072.120085
10.341763,14,10076.099319
9.708657,13,10079.990618
16.967194,20,10086.489496
10.695664,14,10089.708272
16.013741,20,10094.282785
4.353593,6,10095.689678
8.215204,11,10100.013893
17.612981,20,10104.614654
11.37964,15,10108.000713
6.445241,9,10110.079584
9.521344,13,10114.739725
16.013741,20,10119.264805
16.013741,20,10123.788211
11.415099,15,10128.871398
11.22226,15,10132.232139
1.867287,3,10132.964373
17.011639,20,10137.580961
17.189627,20,10143.899297
16.72296,20,10148.368903
11.154728,15,10151.741742
1.638017,3,10152.76301
11.147596,15,10157.634868
8.047217,11,10160.110719
17.180983,20,10164.620351
17.167405,20,10170.854581
11.845992,16,10174.575043
16.035017,20,10179.06275
11.788669,16,10184.403801
16.190573,20,10188.671992
17.533735,20,10193.08342
17.347074,20,10199.376175
8.915885,12,10201.985348
16.013741,20,10206.564345
10.504382,13,10210.306668
8.6699,12,10213.828604
16.147074,20,10218.341033
8.884223,12,10221.098064
17.434951,20,10227.69674
11.176634,15,10232.571308
17.347074,20,10237.454775
16.946128,20,10243.194528
16.147074,20,10247.70816
8.785413,11,10250.174135
9.710284,13,10254.729296
16.013741,20,10259.280901
10.401159,14,10262.4537
8.025305,11,10265.146992
16.298975,20,10271.111302
3.184254,5,10272.255933
16.410693,20,10276.726021
17.680407,20,10282.901844
10.444159,14,10286.043805
16.147074,20,10290.514417
10.51753,14,10294.696968
6.363422,8,10297.235173
7.247217,10,10299.495935
11.290037,15,10302.792243
17.303712,20,10307.673986
16.945161,20,10313.351176
10.387047,14,10316.377282
16.080407,20,10321.135977
17.413741,20,10327.04119
8.128935,11,10329.579202
17.746128,20,10334.011993
16.100738,20,10340.10943
4.846305,7,10341.68208
17.053856,20,10353.667484
16.489345,20,10358.309405
11.206697,15,10361.720773
17.544794,20,10367.871231
16.134929,20,10372.406457
17.800069,20,10377.238024
17.079462,20,10385.253893
2.638192,4,10386.149772
5.248891,7,10387.828426
16.767405,20,10392.668053
8.950121,12,10396.99454
9.662704,13,10400.061755
16.413739,20,10405.059706
11.327684,15,10410.301891
16.013741,20,10415.099902
16.257239,20,10419.551142
7.366252,10,10422.623793
17.07946,20,10428.008898
16.013741,20,10432.609812
11.192968,15,10437.235658
17.062294,20,10442.531188
16.101684,20,10446.91188
17.347074,20,10453.171533
17.212795,20,10457.607597
8.75277,12,10460.319371
8.056682,11,10463.018188
17.212795,20,10469.160964
16.013741,20,10473.600725
11.110239,15,10477.112626
16.057239,20,10482.981534
11.30403,15,10486.400068
16.23405,20,10490.896343
10.550604,14,10495.671713
8.885187,12,10498.492847
16.147074,20,10502.962634
17.533402,20,10509.344534
12.542156,16,10513.039644
18.21298,20,10517.586679
1.695661,3,10518.247995
17.279405,20,10524.421627
9.96835,13,10527.314854
17.347074,20,10532.504003
16.080407,20,10539.668926
7.192383,10,10541.86082
11.817545,16,10545.426522
11.127167,15,10548.920654
16.079655,20,10554.927218
11.167101,15,10558.320178
7.950973,11,10560.732394
17.478696,20,10567.060776
7.366679,10,10569.32031
16.60975,20,10573.787881
11.320332,15,10577.617868
6.447217,9,10580.907266
17.189627,20,10585.854997
11.547638,15,10589.129345
11.145316,15,10593.921546
8.184071,11,10596.681348
10.384949,14,10599.724472
17.480407,20,10604.18529
10.382631,14,10609.028065
7.261033,10,10611.281787
16.101684,20,10615.809873
11.762292,16,10619.762561
16.388471,20,10625.479629
16.080407,20,10629.855511
8.73301,12,10632.537887
10.135292,13,10637.174292
17.189627,20,10641.691649
17.010691,20,10646.252381
16.232352,20,10652.455059
7.189985,10,10654.638306
10.441129,14,10657.83135
16.013741,20,10663.363712
11.455799,15,10667.27243
16.013741,20,10671.811033
1.742515,3,10672.442472
12.324043,16,10677.11591
16.013741,20,10682.488251
17.413741,20,10689.368291
11.138163,15,10694.384747
11.134176,15,10697.766533
18.013672,20,10702.289682
10.32476,13,10707.343315
10.103516,13,10710.302293
16.013741,20,10714.773631
16.147074,20,10721.237139
16.146128,20,10725.777599
10.930388,14,10728.91071
17.347074,20,10735.150378
17.323906,20,10739.589031
3.173653,5,10740.657229
17.347074,20,10745.331501
10.693425,14,10750.104063
8.94533,12,10752.789738
17.366295,20,10757.311188
16.190573,20,10763.498377
16.055569,20,10767.969804
17.413741,20,10772.483726
9.72103,13,10777.096594
7.310968,10,10779.406017
17.347074,20,10783.861817
16.056272,20,10789.331337
16.079655,20,10794.611112
17.347074,20,10799.040894
17.079462,20,10805.286867
8.735177,12,10808.037549
17.347074,20,10812.464798
17.413741,20,10818.119695
11.837968,15,10821.977759
16.079462,20,10826.381394
17.347074,20,10831.965042
17.347074,20,10838.999316
17.413741,20,10843.39269
17.347074,20,10849.586299
16.279462,20,10853.958463
17.347074,20,10859.448946
8.183861,11,10862.884025
16.101695,20,10867.354179
16.678249,20,10872.21885
17.347074,20,10878.095231
16.080407,20,10882.608626
16.656294,20,10894.16072
16.411425,20,10898.730699
17.347074,20,10904.87679
17.546324,20,10909.428398
16.545204,20,10914.274624
16.922208,20,10920.241382
16.211861,20,10924.707008
16.013741,20,10930.492329
16.189417,20,10935.409666
8.896142,11,10937.959729
17.347074,20,10942.892421
17.680407,20,10948.501774
11.122418,15,10951.846665
17.547074,20,10956.825261
16.345116,20,10962.416481
3.306203,5,10963.491724
11.747429,16,10967.005933
11.765265,16,10971.275979
16.080407,20,10976.756924
17.347074,20,10981.32958
17.412795,20,10987.518277
16.013741,20,10993.776407
17.03405,20,10998.36182
9.737806,13,11003.048171
17.490295,20,11007.724252
17.547074,20,11012.376473
16.613741,20,11018.567609
13.626406,18,11022.680945
16.101684,20,11027.712883
16.856294,20,11033.396073
17.257239,20,11037.903272
11.301421,15,11041.852103
8.875181,12,11045.784705
6.036021,8,11047.71086
16.533333,20,11052.212848
16.101684,20,11058.313285
11.127952,15,11061.967392
9.719865,13,11064.895309
10.405294,14,11068.212253
16.212795,20,11074.4879
17.413741,20,11079.067904
12.268284,16,11082.650293
16.07778,20,11088.851505
6.31336,9,11090.815826
9.757383,13,11093.72478
17.547074,20,11099.376101
17.389017,20,11104.520263
17.347074,20,11108.946598
11.749531,16,11113.839494
7.5019,10,11116.562209
17.122939,20,11121.046766
11.181244,15,11124.408711
1.549332,3,11125.270269
11.121468,15,11130.126686
17.347074,20,11134.639205
9.792747,13,11137.486962
17.347074,20,11145.091276
9.126098,12,11148.278097
16.013741,20,11152.651814
11.183091,15,11156.171183
17.601949,20,11162.260757
11.453573,15,11165.607686
10.334793,14,11168.705975
16.276204,20,11174.928963
17.347074,20,11179.270672
16.101684,20,11183.739447
17.122903,20,11189.948281
10.453609,14,11193.109434
17.257239,20,11197.756978
17.347074,20,11204.033188
17.413408,20,11208.620702
17.611794,20,11214.095036
10.393121,14,11218.256331
2.525013,4,11219.257049
17.479658,20,11224.102528
17.146128,20,11230.775669
10.49386,14,11234.151013
16.013741,20,11238.93007
11.133792,15,11244.038383
7.342454,10,11246.441831
8.913174,12,11249.124526
17.323906,20,11253.790964
11.886842,16,11259.138785
6.554749,9,11261.199142
17.122939,20,11265.869875
12.064649,16,11270.108063
16.521014,20,11275.630132
17.544378,20,11280.189948
16.013741,20,11286.553274
10.405772,14,11289.803062
16.073196,20,11296.151711
17.64946,20,11302.482908
16.32296,20,11307.087518
16.147074,20,11312.287796
0.973019,2,11313.066525
16.834071,20,11318.46073
11.872303,16,11322.055484
11.987395,16,11326.322833
17.36835,20,11332.011577
17.279462,20,11336.593408
17.347074,20,11342.891561
17.547074,20,11347.505622
17.480341,20,11352.149062
11.112904,15,11357.374027
4.052271,6,11358.821931
17.347074,20,11363.390148
16.013741,20,11369.066049
17.347074,20,11374.405164
16.946128,20,11379.182532
16.013741,20,11385.464155
11.93445,16,11389.10138
11.284703,15,11392.398929
6.428792,9,11394.44074
10.519101,14,11399.35305
16.655327,20,11403.759787
9.943677,13,11406.792938
11.780023,16,11411.315236
17.347074,20,11416.49785
16.378123,20,11421.008708
16.345182,20,11427.335687
17.078516,20,11438.597891
2.715674,4,11440.154059
8.047217,11,11444.524015
11.135779,15,11448.20716
16.155745,20,11453.893092
17.768348,20,11459.167802
17.413741,20,11463.675822
17.412989,20,11470.017283
17.323154,20,11474.434149
17.367579,20,11479.045741
17.16648,20,11485.190361
17.189627,20,11489.720558
10.457659,14,11492.931145
17.411163,20,11499.200611
17.235017,20,11504.004194
8.89943,12,11506.675764
16.301684,20,11512.855276
16.367405,20,11517.372225
15.996027,20,11522.203384
17.235017,20,11528.043075
9.673348,13,11531.028367
17.278537,20,11535.506324
17.212795,20,11541.746503
17.129613,20,11546.183185
10.530731,14,11549.223018
7.164674,10,11552.799439
17.412989,20,11557.628716
17.390584,20,11562.088377
16.787018,20,11568.174469
17.402348,20,11572.793809
17.347074,20,11577.251756
10.660863,14,11582.137269
11.435014,15,11585.591596
10.479366,14,11588.815356
17.832795,20,11595.027262
11.056128,14,11600.240848
10.732323,14,11603.38557
10.652854,14,11606.573734
16.878514,20,11612.817405
17.399455,20,11617.327752
17.323918,20,11622.059012
16.013741,20,11628.485445
9.658071,13,11631.372527
16.212795,20,11636.044736
11.272607,15,11641.313368
16.013741,20,11646.091879
3.224527,5,11647.212276
17.212795,20,11652.543365
17.301684,20,11658.336463
16.123906,20,11663.333516
16.279462,20,11669.842384
11.276426,15,11673.418846
8.862714,12,11676.222999
16.255869,20,11682.47972
11.104573,15,11686.314105
17.390768,20,11691.079292
17.413741,20,11697.433195
16.079462,20,11701.934973
11.82775,16,11705.532345
10.604158,14,11709.773927
11.135829,15,11713.957245
9.673348,13,11716.879813
11.112199,15,11720.308467
17.480407,20,11726.490683
17.413741,20,11731.014531
6.100533,8,11732.92406
16.944258,20,11738.649448
17.011639,20,11743.835457
16.146128,20,11749.760994
16.788447,20,11755.931551
16.767405,20,11760.497103
17.012795,20,11766.074939
16.013741,20,11771.148685
7.075342,10,11773.368062
16.147074,20,11778.164411
16.745376,20,11784.104258
11.178484,15,11787.560425
17.145182,20,11792.639821
16.346128,20,11798.41442
11.113822,15,11801.843385
11.144368,15,11805.135029
10.679752,14,11809.954889
17.547074,20,11814.442174
17.347074,20,11819.001593
11.189865,15,11824.038724
10.413811,14,11827.224317
17.347074,20,11832.173286
2.315427,4,11833.065939
11.120612,15,11838.140435
17.347074,20,11843.06325
17.347074,20,11847.725505
16.099596,20,11853.810894
11.135527,15,11857.155209
16.463284,20,11861.815403
16.101684,20,11867.816814
16.080407,20,11872.267845
2.356833,4,11873.136102
1.796447,3,11873.793309
17.347074,20,11880.006333
13.588177,18,11884.010751
17.413741,20,11888.617035
17.413741,20,11895.69485
17.279462,20,11901.314148
16.946128,20,11907.420673
11.932049,16,11911.206771
16.079462,20,11915.637807
16.146128,20,11922.135483
17.547074,20,11926.591344
16.013741,20,11931.181622
10.342783,14,11936.057313
17.478777,20,11940.690978
16.609905,20,11945.218653
12.180955,16,11950.601159
17.257239,20,11955.133764
10.383686,14,11958.277519
17.212795,20,11964.539775
16.189627,20,11969.102832
9.641056,13,11972.019068
12.162636,16,11982.703775
10.346069,14,11985.783126
16.055569,20,11991.65875
16.057239,20,11996.424925
6.479296,9,11998.503903
17.589888,20,12003.510645
17.279462,20,12009.279302
16.998415,20,12013.935072
5.016343,7,12015.503392
17.347074,20,12021.681681
9.669145,13,12024.587942
17.680396,20,12029.019556
16.013741,20,12035.200014
11.170422,15,12038.682717
17.279462,20,12043.320243
17.347074,20,12051.262786
5.719195,8,12053.146816
16.213341,20,12057.660232
10.869447,14,12060.854481
16.213741,20,12067.044811
16.013741,20,12071.585599
16.078516,20,12076.472055
17.347074,20,12082.361327
11.78604,15,12085.871017
11.128914,15,12089.230024
17.234265,20,12095.311638
1.03791,2,12095.73274
11.25508,15,12099.036726
17.335243,20,12103.457017
16.257239,20,12109.786112
17.347074,20,12114.293805
17.347074,20,12119.553725
16.455137,20,12125.002232
6.123591,8,12126.754017
17.347074,20,12131.331584
17.367598,20,12137.501098
11.160352,15,12140.882595
9.105772,12,12143.404305
16.147074,20,12149.772594
17.323906,20,12154.330551
17.079462,20,12158.840321
16.035017,20,12165.031328
17.347074,20,12169.574652
17.480407,20,12174.423694
8.717876,12,12178.589047
17.257239,20,12183.196622
11.616899,15,12186.492954
11.489587,15,12191.519217
1.654722,3,12192.444574
10.358824,14,12196.76433
12.530977,16,12200.975888
10.704131,14,12205.754935
11.167348,15,12209.307357
16.013741,20,12213.898051
17.347074,20,12220.23689
17.413741,20,12224.919502
2.770363,4,12225.849875
11.77261,16,12229.495101
7.279296,10,12233.002316
17.347074,20,12238.306269
16.013741,20,12242.91738
7.205413,10,12245.896183
16.013741,20,12251.566443
16.234071,20,12256.193007
16.080407,20,12262.682235
11.889687,16,12266.329755
16.080075,20,12270.892362
10.709712,14,12275.147337
16.16648,20,12280.240889
9.811684,13,12283.209699
17.479658,20,12288.726696
16.879462,20,12294.308189
17.613741,20,12298.881133
1.943749,3,12299.57447
17.301684,20,12305.811057
10.369153,14,12308.938151
11.209551,15,12312.366689
16.078518,20,12318.634501
17.011828,20,12323.232034
11.733966,16,12326.795398
16.07846,20,12333.170359
16.213731,20,12337.646641
11.752976,16,12341.345814
16.101684,20,12348.671609
16.013741,20,12353.999031
16.079462,20,12358.517944
8.769499,12,12363.202253
9.685187,13,12366.173416
10.049668,13,12369.220545
11.285763,15,12372.885984
17.323906,20,12379.252079
16.923225,20,12384.301984
11.72295,16,12389.190669
16.013741,20,12394.814227
17.25114,20,12399.425255
10.424981,14,12403.482106
17.146128,20,12409.070509
10.382647,14,12412.261959
11.28311,15,12415.600177
9.836712,13,12420.269815
16.346616,20,12424.851215
17.347074,20,12429.426146
17.345374,20,12435.95149
16.147074,20,12440.553377
17.256294,20,12446.124283
16.213741,20,12451.384582
10.343881,14,12454.568282
16.655327,20,12460.044517
16.877357,20,12465.708565
10.681545,14,12468.949758
8.718377,11,12471.427091
16.013741,20,12477.798091
17.100528,20,12482.332654
11.058079,15,12485.93905
11.903345,16,12491.424825
8.24242,11,12494.224676
10.576683,14,12499.014955
9.566954,13,12504.057662
17.279462,20,12509.047925
17.347074,20,12513.760668
16.278516,20,12520.065356
11.764729,16,12530.580498
16.013741,20,12536.031986
17.265998,20,12540.649454
6.549415,9,12542.822194
12.355313,16,12548.218097
16.013741,20,12552.776575
11.097679,15,12556.170596
9.649539,13,12560.81413
16.013741,20,12565.584207
17.099891,20,12570.047681
8.739559,12,12574.085527
11.67208,15,12577.855074
16.301684,20,12582.438755
11.138131,15,12586.552929
17.347074,20,12592.094525
7.185004,10,12594.494323
16.611847,20,12599.132194
1.885341,3,12600.276244
3.386218,5,12602.157627
8.861875,12,12605.246547
17.100738,20,12609.793682
7.121181,10,12612.026044
11.143025,15,12617.097636
16.013741,20,12621.661942
16.346128,20,12626.131082
16.679462,20,12632.459626
17.011076,20,12637.030838
17.100717,20,12641.852829
16.280407,20,12649.107182
11.052753,15,12653.09077
11.08586,15,12657.552455
17.347074,20,12662.738113
16.013741,20,12667.392887
16.766459,20,12673.673088
11.766605,16,12677.274731
17.480407,20,12681.989357
17.545932,20,12688.212289
16.612795,20,12692.795512
10.501045,14,12695.998688
10.570965,14,12700.569032
17.257239,20,12705.528545
17.190573,20,12710.096582
3.263784,5,12711.229185
17.299126,20,12717.622112
9.679296,13,12720.586318
16.013741,20,12725.333784
16.013741,20,12731.547071
16.146071,20,12735.97809
16.013741,20,12741.01108
17.078709,20,12746.619483
17.347074,20,12751.123751
16.967407,20,12757.209882
11.571187,15,12760.804149
16.856272,20,12765.410528
16.856083,20,12771.643197
16.257239,20,12776.213634
16.256248,20,12780.749223
17.347074,20,12787.088828
16.967407,20,12791.449267
17.547074,20,12796.088299
1.740551,3,12797.513957
16.65552,20,12804.86966
10.392076,14,12808.039592
16.080407,20,12812.45188
16.190573,20,12818.620725
16.013741,20,12823.173877
11.820934,16,12826.737955
17.347074,20,12833.097242
17.190573,20,12837.522064
17.480407,20,12842.37229
11.266147,15,12847.165413
16.013741,20,12851.677061
10.507272,14,12854.955349
10.565592,14,12859.728536
10.522483,14,12862.912154
7.801855,10,12865.140798
11.145119,15,12868.663326
16.879462,20,12874.893976
17.480407,20,12879.458522
17.255309,20,12884.084175
16.347074,20,12890.090009
11.882147,16,12893.754218
17.14518,20,12898.684182
16.080407,20,12904.490378
5.541663,8,12906.218776
8.741057,12,12908.862829
5.294209,7,12910.376198
17.190573,20,12916.678066
17.643501,20,12921.22117
12.016268,16,12924.811271
11.148562,15,12929.827623
17.212795,20,12934.389329
11.428106,15,12937.736506
11.830864,16,12942.697145
17.347074,20,12949.112655
17.347074,20,12954.172384
17.277515,20,12960.314181
16.74518,20,12964.914021
11.568286,15,12968.543181
16.98784,20,12974.543564
11.269449,15,12977.954373
11.40679,15,12981.352205
16.147074,20,12987.706222
8.945963,12,12990.413274
8.342652,11,12992.87976
17.390584,20,12998.390294
11.339529,15,13002.343719
10.393749,14,13005.465826
17.413741,20,13010.011046
17.413741,20,13016.388816
11.193282,15,13019.670898
16.589627,20,13024.301259
16.501881,20,13030.497066
17.301684,20,13034.998079
16.146128,20,13040.376295
16.013741,20,13045.611413
10.395228,14,13048.760985
16.013741,20,13053.964912
12.149266,16,13058.568447
10.39493,14,13061.652386
10.345566,14,13071.808372
10.435275,14,13075.087103
17.167383,20,13079.691566
17.255553,20,13086.261314
16.546128,20,13090.789008
17.479658,20,13096.338541
16.310234,20,13103.750201
17.347074,20,13108.237711
16.500053,20,13113.661477
16.013741,20,13119.111637
17.464631,20,13123.653511
16.32296,20,13129.885772
12.188164,16,13133.454211
11.221731,15,13136.876335
17.347074,20,13142.775533
17.413741,20,13147.660002
16.034281,20,13152.142569
17.390575,20,13158.681715
16.079655,20,13163.278662
5.335314,7,13164.836924
16.413741,20,13170.442189
16.879462,20,13175.636313
10.422177,14,13178.705357
10.4069,14,13181.775903
17.347074,20,13188.069742
17.412989,20,13192.585548
17.323906,20,13197.982215
16.069015,20,13203.246766
17.347074,20,13207.786757
17.413741,20,13213.991618
9.884489,13,13216.841232
10.557871,14,13219.970402
17.547074,20,13225.131276
16.300528,20,13230.93157
16.635017,20,13235.382854
10.472851,14,13239.077085
16.16835,20,13244.676709
11.138568,15,13249.602735
6.632378,9,13251.816669
17.390584,20,13257.950161
16.812795,20,13262.548993
11.668245,16,13266.428019
16.013741,20,13272.367953
16.034281,20,13276.870727
16.168544,20,13282.356561
16.101684,20,13287.663396
16.079462,20,13292.206057
16.013741,20,13298.431511
2.455798,4,13299.307789
17.347074,20,13303.91968
12.415116,16,13307.600958
17.188683,20,13313.840043
11.79533,16,13317.360097
17.257238,20,13321.899435
1.928235,3,13322.944895
10.537781,14,13327.398453
16.079462,20,13331.83179
10.652165,14,13334.990719
10.314431,14,13339.52177
10.667253,14,13343.033129
16.057239,20,13347.769063
9.770082,13,13351.239059
17.347074,20,13357.205494
16.257239,20,13361.925622
17.347074,20,13368.222471
16.634633,20,13373.175383
16.36835,20,13378.015064
4.761574,7,13380.437149
11.891884,16,13385.204775
16.212795,20,13389.673704
9.576277,13,13392.560833
17.190573,20,13400.129222
17.880407,20,13405.292488
17.347074,20,13411.555665
5.541439,8,13413.35358
17.880407,20,13417.814332
16.501684,20,13423.748682
16.141925,20,13428.632156
9.519002,13,13431.51285
11.264349,15,13435.093925
16.520835,20,13441.114244
17.480075,20,13445.776113
6.823072,9,13447.824389
10.429526,14,13452.465778
17.600012,20,13457.160546
16.989086,20,13461.630778
11.174067,15,13466.566639
11.151073,15,13470.033512
4.38917,6,13471.317724
16.855348,20,13475.716018
8.075124,11,13479.309044
16.301672,20,13484.454477
17.279462,20,13488.939502
5.823135,8,13490.66825
17.479658,20,13497.150455
16.147074,20,13501.71479
17.347074,20,13507.235352
17.347074,20,13512.47336
16.135681,20,13517.079497
17.146128,20,13523.277781
17.190573,20,13527.78238
16.057239,20,13532.245807
16.123906,20,13538.482357
7.787068,10,13540.695278
11.14684,15,13544.001258
16.079462,20,13550.27242
16.013741,20,13556.894241
8.631385,11,13559.310952
17.323906,20,13564.191576
16.035017,20,13570.223247
16.013741,20,13574.647669
17.347074,20,13580.41048
16.146128,20,13585.427795
16.079655,20,13590.060741
16.521781,20,13596.311101
10.335344,14,13599.399909
8.722383,12,13602.091569
10.371114,14,13605.214271
