#{"t_start": 1765081780.0114415, "env_id": "highway-fast-v0"}
r,l,t
12.966092,16,3.091093
19.977695,27,7.138875
8.785599,12,9.287238
6.979307,8,11.293107
1.019667,2,11.84572
7.112195,10,14.555356
11.031863,15,17.295671
7.19965,9,18.650045
7.099649,9,20.082516
6.799066,9,21.49101
6.211134,8,22.724997
12.847493,15,25.002222
13.097518,19,29.636665
9.086271,13,31.792877
3.465422,5,32.560628
8.044506,10,34.05587
10.302052,15,36.376812
6.216635,9,37.745215
7.901717,10,39.253039
3.102312,5,40.174239
6.616289,10,42.907641
12.651682,18,46.284187
5.965469,8,47.513901
3.866707,6,48.453617
15.66383,21,51.838474
10.776611,14,54.104683
8.678089,11,56.7059
9.811957,12,59.606003
5.614903,8,60.904674
12.432179,17,63.472605
9.779618,12,65.312564
7.980935,11,66.99398
7.165061,9,68.631078
19.633254,28,74.987631
6.514613,9,76.367907
10.947251,15,78.612834
5.247242,7,79.683419
17.067972,23,83.309264
13.299109,20,88.217307
2.882137,4,88.838626
21.395117,28,93.230824
5.05164,7,94.312975
4.414487,6,95.240658
2.648486,4,95.839267
5.301426,8,97.031063
12.997729,17,101.005782
21.317772,30,106.126086
15.232123,21,109.264936
4.679492,6,110.194871
13.434279,18,113.657385
10.432279,13,116.959832
9.132233,11,118.699581
12.444357,16,121.218885
6.381551,9,122.674339
15.544523,21,125.937526
1.832045,3,126.403693
4.698542,7,128.216089
5.578685,7,130.051557
4.416746,6,131.412937
4.451236,7,132.550653
5.711358,7,133.710083
11.327872,15,136.057543
2.912378,4,136.689057
18.345086,26,140.607329
8.685351,10,143.023771
3.811134,5,144.270153
8.876854,12,146.606281
5.945823,7,147.714337
20.4632,29,152.228282
13.700777,17,154.798213
8.234481,12,157.637788
5.720174,8,159.860598
8.18492,11,161.553958
1.733333,3,162.029529
7.152016,9,163.528492
10.846491,14,165.722342
4.81217,6,166.614164
3.149689,5,167.391697
3.745573,5,168.15624
19.562791,25,173.614564
2.013463,3,174.418276
1.946334,3,174.865901
6.13565,9,176.222354
11.635077,16,178.672302
2.912239,4,179.300972
4.717838,6,180.229658
5.712045,7,181.2909
9.646704,12,183.191009
2.013463,3,183.689939
5.430973,8,185.32477
5.233369,8,187.421695
2.278906,3,188.219635
12.482128,17,191.064548
2.564354,4,191.663304
22.185939,30,196.412317
3.399377,5,197.156704
14.966624,21,201.564214
3.383602,5,202.954677
11.74752,16,205.638072
5.747493,7,206.741158
9.646382,14,208.84143
2.582935,4,209.474604
13.883524,19,212.408772
6.031787,8,214.041806
14.298785,18,218.242275
16.91129,22,221.651263
14.297342,17,224.283831
6.531556,9,225.644707
1.866362,3,226.111934
5.235482,7,227.210279
3.515152,5,228.288781
1.715775,3,229.171166
11.94529,17,232.995698
6.298394,8,234.376036
3.579825,5,235.125994
23.645781,30,239.664285
6.131026,8,240.908853
7.150042,11,243.074356
2.013001,3,243.967823
1.551695,3,244.776644
1.799377,3,245.543554
11.765423,16,248.371129
3.845989,5,249.135353
7.498562,10,250.705881
2.333026,4,251.329194
17.678137,24,255.076252
2.531467,4,255.696797
21.449415,30,262.133937
23.982938,30,266.824871
3.913158,5,267.623956
10.980982,15,269.892386
5.666124,9,271.667728
7.845574,11,274.540275
12.899651,17,277.425536
1.749108,3,277.903997
7.798145,10,279.436902
3.233333,5,280.207415
2.433333,4,280.811869
7.399135,11,282.472445
5.965126,9,283.844563
19.299952,27,290.008181
15.579239,19,292.903915
1.865421,3,293.356735
1.766667,3,293.815934
5.230206,7,294.964893
1.819027,3,295.411129
16.419025,23,298.934512
5.019018,8,300.525479
3.414573,5,301.881572
16.068335,23,306.497186
10.843917,12,308.318895
15.730278,22,311.731944
8.397337,11,313.371551
6.411486,8,315.075712
11.651987,17,319.193175
14.984581,19,322.091918
15.266047,21,325.35108
7.065199,10,326.899488
3.497728,5,327.689399
10.56933,15,330.956136
7.64974,12,333.586845
12.946717,17,336.23478
3.732355,5,336.994828
1.980129,3,337.440363
16.586057,23,340.958662
9.031083,11,342.63591
11.486444,13,345.838506
9.766979,14,348.75384
7.613462,9,350.124346
17.798454,25,354.033594
7.744477,10,355.545175
21.051192,30,362.050974
9.982892,14,364.198228
3.779507,5,365.038366
4.612656,6,365.956554
2.633026,4,476.968294
7.91458,10,479.301632
11.212564,15,481.584769
8.499426,13,483.586112
14.664747,18,486.333904
19.87926,27,491.864133
4.964756,7,493.445614
5.378378,7,494.516484
11.999152,18,497.290639
3.414531,5,498.049937
9.699118,13,500.179968
19.752619,30,505.878126
10.065939,14,508.728939
2.648486,4,509.381909
2.598757,4,510.006439
12.452882,18,512.783575
3.498755,5,513.526314
13.382752,18,516.351475
12.04536,15,519.606744
23.483518,30,525.309302
22.120221,30,530.029892
2.019667,3,530.473542
3.151106,5,531.257606
2.666667,4,531.883608
4.600307,7,533.67074
2.846334,4,534.699984
22.320172,30,539.924374
3.800833,6,540.878301
19.631853,27,544.931566
22.582783,30,551.46665
3.612261,5,552.236816
5.69883,8,553.447718
2.549108,4,554.052056
23.946358,30,558.664376
8.211572,10,560.243731
8.817564,13,563.19641
11.518078,16,566.478636
16.295546,21,569.69413
20.852,30,574.385871
20.779354,27,580.321482
24.166792,30,585.076356
3.532711,5,585.950793
18.965772,27,590.414069
22.518665,30,596.588645
15.65137,22,599.903668
1.913001,3,600.373216
9.186842,14,602.59955
5.979307,7,603.649273
5.066055,7,604.979856
23.032581,30,611.125006
2.598799,4,611.746014
2.046796,3,612.200711
13.165586,18,614.913472
5.482402,7,616.02784
2.679045,4,616.688943
1.980129,3,617.147047
5.478927,7,618.217368
2.697066,4,619.053596
20.430327,28,624.993232
17.900829,25,628.823109
2.813463,4,629.433747
11.399101,16,631.909177
20.850827,27,638.063519
3.619284,6,638.969704
1.798799,3,639.410019
1.650892,3,639.877917
8.867017,13,641.864403
10.678885,14,644.054894
16.801341,22,647.503289
15.29848,21,652.459493
1.279667,2,652.812433
2.564354,4,653.414424
15.850956,20,656.392913
22.986843,30,660.980839
9.098913,11,663.314848
13.079242,19,667.393277
2.901763,5,668.135614
3.119315,4,668.759896
12.614298,17,671.365476
7.879779,10,672.962747
18.668008,26,677.319589
2.548486,4,678.422202
3.812171,5,679.691128
10.744858,13,682.101718
24.162359,30,686.742772
2.085948,4,687.348716
22.68102,30,692.81291
8.745197,11,695.579235
18.182498,24,699.242463
8.54881,12,701.107138
16.911745,21,704.393379
9.578805,12,706.950267
5.519592,8,709.094527
7.445208,9,710.691987
2.616935,4,711.299155
6.745507,9,712.666108
7.044931,9,714.141502
16.545603,23,717.566221
18.649645,24,722.478953
6.402005,9,724.595319
9.015113,12,726.424695
4.152388,6,727.339331
4.948981,7,728.423477
4.186583,7,729.490577
10.319593,13,731.467185
3.119247,5,732.241938
15.599332,20,736.237654
2.74782,4,737.245761
13.897903,19,740.708063
21.352662,30,745.347041
4.465423,6,746.275244
4.667807,7,747.338087
11.200471,15,750.284702
3.233333,5,751.592309
3.91983,6,753.101268
3.700044,6,754.104396
10.130677,12,756.074809
21.684759,30,760.590052
10.966084,15,762.851513
12.952319,19,767.727937
14.348541,20,770.810302
11.019255,16,773.244229
1.953097,3,773.734595
14.610616,17,776.415385
16.098534,22,781.358533
22.449822,30,786.133712
16.884143,24,789.840958
1.7,3,790.349342
2.812841,4,790.986503
23.279355,30,797.493277
9.362282,12,799.36823
1.748486,3,799.813216
3.785968,5,800.610663
21.04476,26,804.577142
3.199377,5,805.454318
11.335994,17,809.252345
3.997879,6,810.758766
2.913463,4,811.343012
2.746796,4,811.956711
3.183601,5,812.711522
2.985988,5,813.496993
10.043347,13,815.48748
3.432711,5,816.24975
19.977571,26,820.204787
23.150936,30,826.664244
21.751717,30,831.233206
3.901727,6,832.171119
8.818653,13,834.162395
6.619154,9,835.953242
22.300038,30,972.846803
2.632131,4,973.456339
13.012225,18,976.170789
3.298798,5,976.919811
5.132711,7,978.021077
8.167237,12,980.230348
8.220221,12,983.260654
21.816965,30,988.130557
5.717423,8,989.339936
11.920221,17,991.980867
7.064355,10,993.556179
21.599732,30,999.988271
10.453554,15,1002.289852
16.696252,20,1005.300097
4.153112,5,1006.065121
7.112839,9,1007.4633
3.399377,5,1008.230944
21.051729,30,1014.733135
22.631428,30,1019.195603
12.912874,17,1021.834651
16.366748,23,1026.87033
22.252661,30,1031.671678
17.799865,25,1035.497905
16.051458,23,1039.963764
2.046796,3,1040.798667
4.219281,7,1042.428968
3.152581,5,1043.22107
5.530198,7,1044.350855
7.068084,10,1045.878021
9.319865,12,1047.686625
19.151078,27,1051.818526
6.93418,10,1054.210105
16.731413,22,1058.571324
5.431557,8,1059.817721
9.378677,11,1061.564273
1.715153,3,1062.014296
12.569277,17,1064.569473
17.513079,25,1069.871967
10.898813,15,1072.710125
5.353097,7,1073.756421
10.033339,15,1076.071133
2.797688,4,1076.703672
6.929829,10,1078.23175
19.485059,28,1084.987921
9.052856,13,1087.151202
23.228185,30,1091.683179
15.831538,21,1094.968239
22.015167,30,1101.44155
12.432391,17,1104.090719
22.218538,30,1108.620544
12.082436,16,1112.188982
4.985526,6,1113.740325
2.349602,4,1114.550271
22.950843,30,1119.12834
21.232136,30,1123.681663
3.649114,5,1124.664743
4.986882,8,1126.78324
3.769021,6,1128.368471
2.999735,5,1129.203326
7.616389,11,1130.926141
21.385095,30,1135.508776
22.652943,30,1141.144241
2.681819,4,1142.183247
17.983658,25,1146.487001
8.66306,10,1148.057234
16.651646,23,1151.509117
14.246018,18,1155.21593
22.552899,30,1160.743626
2.880129,4,1161.447164
16.119327,23,1165.05694
7.450356,11,1166.7068
21.082792,30,1173.163343
7.778237,9,1174.539151
9.752524,12,1176.358349
2.399377,4,1176.966737
1.279667,2,1177.294681
7.901422,12,1179.141273
22.165381,30,1185.057478
6.419587,9,1186.959626
5.517558,8,1188.172259
13.752884,20,1191.279328
9.900345,14,1193.562972
22.652313,30,1199.320143
21.752598,30,1204.80195
9.36449,13,1206.806022
19.414964,28,1211.057635
11.767697,16,1215.232096
17.131227,23,1218.949848
21.09754,30,1223.638212
14.09819,19,1227.258608
11.115157,15,1230.643744
6.400483,9,1232.032279
2.498134,4,1232.641765
14.617792,20,1235.712524
12.864606,18,1238.52265
5.385994,9,1239.919102
16.580573,21,1245.048325
12.266667,17,1247.79894
5.452914,8,1249.021884
10.495093,13,1251.022949
13.565424,18,1253.768151
19.150041,26,1259.627202
9.533445,11,1261.304986
11.153555,15,1263.668886
14.865729,21,1266.808001
12.177411,16,1269.821421
18.951412,26,1275.079131
12.280196,15,1277.356828
16.444196,23,1280.896917
9.949413,15,1283.409622
13.529194,19,1287.936975
10.54468,14,1290.062905
7.599371,10,1291.571139
21.719592,30,1296.139502
19.711613,27,1302.192148
9.94954,13,1304.198555
8.164947,10,1305.716689
10.719912,16,1308.291937
8.578319,12,1310.135575
3.819779,5,1310.861187
12.418708,18,1315.017147
11.013655,15,1317.760302
4.281247,6,1318.772428
21.032753,30,1323.877336
12.878286,17,1326.748325
4.432759,7,1328.587113
5.332826,7,1330.451864
7.548194,11,1332.146733
6.433029,9,1468.069251
12.319598,17,1470.685151
1.8,3,1471.295576
21.282975,30,1477.602669
20.681822,28,1481.891891
21.486776,30,1487.128158
7.932116,11,1489.873487
20.653554,30,1494.532005
4.012688,5,1495.286762
15.34902,21,1498.468321
13.719546,20,1502.951122
21.92018,30,1507.986264
4.002657,6,1508.882478
7.065576,9,1510.283988
22.186408,30,1515.309581
2.019667,3,1516.066563
22.119598,30,1521.706108
5.519327,9,1523.121979
22.418438,30,1527.763947
1.915775,3,1528.283395
7.41868,10,1530.59329
2.550892,4,1531.618678
14.59938,19,1535.097666
14.944025,20,1538.093319
18.500345,28,1542.287281
15.035989,22,1547.378417
3.614848,5,1548.214728
22.65216,30,1552.729384
21.653548,30,1557.266365
8.832753,13,1560.581177
7.263507,11,1563.077126
11.565732,16,1565.487761
21.810642,28,1569.726479
4.382792,7,1570.761623
9.23491,12,1573.01839
2.782442,4,1574.091833
21.117641,30,1579.562549
7.502276,11,1581.192029
22.385182,30,1585.842523
6.435956,9,1587.818281
6.929576,8,1590.038472
22.018264,30,1594.870026
6.330978,9,1596.197942
21.92013,30,1600.933592
22.765118,30,1607.379365
2.845712,4,1607.992236
22.553554,30,1612.652988
4.165471,6,1613.573815
12.263088,15,1616.41582
5.683791,7,1618.289259
3.713118,5,1619.740753
21.086887,30,1624.377097
6.353247,10,1625.852592
7.3356,10,1627.300653
20.450591,28,1633.185361
11.832759,18,1636.287936
3.200304,5,1637.030433
13.531166,16,1639.508575
23.46605,30,1644.39078
5.23326,7,1646.304574
21.312228,29,1651.770113
10.35325,15,1654.095424
3.932139,6,1655.035577
21.649086,30,1660.398392
4.619667,6,1661.981067
3.916992,6,1663.314601
7.032136,10,1664.856565
8.816009,13,1666.897205
2.781819,4,1667.520714
21.646753,30,1672.09703
22.717742,30,1678.523699
21.085994,30,1683.087341
22.983399,30,1687.742437
17.786888,24,1693.222385
18.899995,26,1697.245365
23.486264,30,1701.958742
7.384982,10,1704.541987
11.335327,16,1707.744775
14.917244,21,1711.034272
19.23279,27,1715.043969
20.686888,30,1721.476825
9.952297,14,1723.645404
21.618665,30,1728.352004
22.033074,30,1734.413392
21.835104,30,1739.339049
21.865211,29,1743.835497
22.695868,30,1750.177725
17.995563,25,1754.013144
21.986276,30,1758.647202
9.020221,14,1761.600618
2.533333,4,1762.859165
5.986221,9,1764.701183
9.532415,13,1766.705295
20.84999,30,1771.250662
9.166313,13,1773.251956
10.078913,14,1776.310212
21.986888,30,1781.699032
23.45232,30,1786.30678
11.500208,15,1788.695319
1.831467,3,1789.462992
15.914612,21,1794.117366
17.964895,25,1797.990731
8.820221,14,1800.117335
22.499741,30,1806.442474
6.966125,10,1808.345554
5.15293,8,1809.543149
16.113877,22,1812.882051
9.519327,14,1814.987408
13.350039,17,1817.799612
15.733684,22,1822.777823
21.552038,30,1965.18729
22.084576,30,1970.257014
13.917909,21,1973.430024
21.668588,30,1979.123769
20.14798,27,1984.060874
22.245088,30,1988.612857
21.000351,30,1994.774296
21.753512,30,1999.694002
20.252655,30,2004.270175
22.653204,30,2010.698714
21.551993,30,2015.402061
6.265758,9,2016.743006
22.385078,30,2022.135839
12.632806,19,2026.004333
13.248806,18,2028.786808
23.419659,30,2033.351345
10.785424,16,2036.891327
23.899377,30,2042.31282
10.586848,16,2044.838681
3.879825,5,2045.647563
7.465163,10,2047.82464
20.685932,29,2054.328311
1.864354,3,2054.802341
2.219871,4,2055.458121
22.618341,30,2060.072003
2.785244,4,2060.667958
23.62022,30,2066.922927
21.886221,30,2072.000701
21.099451,27,2076.193309
8.033379,11,2077.959812
18.952615,28,2083.880741
8.012651,10,2085.424439
10.833373,15,2087.75347
21.919913,30,2092.735019
22.884416,30,2098.927057
20.620221,30,2103.41737
21.019551,30,2108.994011
4.031026,6,2110.740134
21.153555,30,2115.273688
22.397915,30,2119.827944
21.786545,30,2126.314906
5.86405,8,2127.696053
22.698384,30,2132.248429
22.853516,30,2137.993901
22.219032,30,2143.361157
21.28654,30,2147.989273
21.386613,30,2154.379234
20.868705,30,2159.093694
1.85164,3,2159.579946
6.582488,9,2160.893186
21.453206,30,2166.346638
9.385914,14,2169.681167
4.553548,7,2170.738382
8.052931,11,2172.413859
21.752457,30,2176.936924
21.232442,30,2183.369988
12.853554,20,2186.401191
20.468436,30,2191.055651
7.133328,9,2192.430717
19.849406,28,2198.689721
21.851842,30,2203.197283
6.820178,10,2204.843437
15.712587,20,2208.222125
22.917619,30,2214.313882
22.386888,30,2218.864497
1.279667,2,2219.215568
17.331197,24,2223.929785
6.853555,11,2226.624334
13.653204,19,2229.517736
12.650892,17,2232.061392
12.686888,19,2234.980198
21.518934,30,2241.389974
21.299909,30,2246.152026
21.119324,30,2250.678209
7.520221,11,2253.597377
3.899721,6,2255.180727
21.751071,30,2259.694287
19.553549,27,2263.691815
22.946498,30,2270.207937
9.769324,14,2272.314267
22.316993,30,2277.003899
10.816406,15,2279.38626
18.652933,25,2285.044987
20.684308,30,2289.671425
22.218703,30,2294.800442
3.331508,5,2296.137197
20.519913,30,2301.652355
14.014587,19,2304.515492
5.231026,7,2305.633752
22.486888,30,2311.520574
21.850506,30,2316.745624
10.796262,14,2318.869429
10.45084,14,2320.94799
23.068707,30,2327.510056
19.285681,27,2472.994167
8.686888,14,2475.1451
20.185996,30,2479.709652
22.985927,30,2485.377619
21.253508,30,2490.645303
15.33271,22,2493.956333
14.799111,20,2496.914757
23.333334,30,2503.326476
22.952661,30,2507.784915
22.352034,30,2512.999859
7.386888,12,2516.085676
22.36933,30,2520.606172
4.486259,7,2521.754775
23.053247,30,2526.646489
19.431889,23,2531.679645
20.286888,30,2536.463176
22.419556,30,2541.458122
21.419908,30,2547.354847
22.153555,30,2551.987993
22.119241,30,2557.90467
21.320221,30,2562.984166
21.116953,30,2567.66456
22.367201,30,2574.004171
11.286844,17,2576.601959
22.085685,30,2581.146159
20.853547,30,2587.422276
14.652932,21,2590.938284
20.120178,30,2595.428559
12.118069,16,2597.868514
9.886498,14,2601.396148
12.848264,18,2604.679056
22.168131,30,2609.15887
15.06436,22,2612.775764
19.918699,28,2618.830653
3.416751,5,2619.613054
21.719864,30,2624.115616
22.053555,30,2629.934593
21.467017,30,2635.1133
21.453554,30,2639.754083
10.901684,15,2642.57492
6.920221,10,2645.141167
18.567814,27,2649.589874
4.898755,7,2650.654356
22.168432,30,2655.590368
8.579661,10,2658.042649
22.086882,30,2663.568662
14.83279,22,2666.834389
3.764314,5,2667.632402
21.585687,30,2673.558774
21.386888,30,2678.688776
21.718748,30,2683.235609
22.683282,30,2689.677298
10.80108,15,2691.930889
5.586888,9,2693.26053
21.185336,30,2697.767938
16.799727,24,2702.969786
21.919598,30,2707.900719
22.020221,30,2712.601602
18.451964,26,2718.506082
22.118042,30,2723.137916
21.951992,30,2727.697078
22.153555,30,2734.087331
21.086888,30,2738.572209
21.652887,30,2743.442601
21.651725,30,2749.500557
4.586264,7,2750.67067
11.453548,16,2753.064254
6.186264,9,2754.416416
4.020175,6,2755.331307
21.120221,30,2761.787124
21.852012,30,2766.310082
21.053208,30,2770.922052
22.953248,30,2777.499615
22.386887,30,2782.144119
9.686886,15,2784.472862
22.020221,30,2790.93639
4.71606,7,2792.011104
21.835373,30,2796.568696
21.786888,30,2801.65286
3.332711,5,2802.961979
15.050898,22,2807.155501
13.466713,20,2810.193998
20.520221,30,2814.794031
7.953516,12,2817.850223
20.420213,30,2823.139097
21.220219,30,2967.821957
20.420221,30,2972.461162
21.786888,30,2978.844258
12.366045,18,2981.721585
21.820221,30,2986.277385
2.920175,5,2987.027641
22.086221,30,2993.45769
20.686888,30,2997.999243
22.052623,30,3002.563845
11.783927,17,3006.712947
19.218983,28,3011.406742
21.053514,30,3016.095785
13.965475,19,3019.97893
8.56933,13,3022.901364
23.068662,30,3027.48036
22.319598,30,3032.060941
5.335065,8,3034.120911
22.601141,30,3039.636627
12.853549,20,3042.725842
20.253555,30,3047.838299
21.086888,30,3053.940201
9.853247,15,3056.268829
22.683962,30,3060.782115
20.986888,29,3067.200086
22.086844,30,3071.640016
22.268706,30,3076.856259
12.786887,18,3080.895742
21.386888,30,3085.440994
20.752931,30,3090.109929
22.120181,30,3096.573998
9.002039,13,3098.515847
20.686888,30,3103.15786
21.153554,30,3109.551609
20.652932,30,3114.211159
21.020221,30,3118.712167
21.966406,30,3125.3017
21.620221,30,3129.948725
20.585966,30,3135.58118
14.26636,20,3139.742189
24.115821,30,3144.405781
22.553244,30,3149.770638
5.920178,9,3152.088625
22.053554,30,3156.848386
22.252265,30,3161.467674
22.053247,30,3167.926553
17.166359,24,3171.691612
21.26748,30,3176.211779
23.086882,30,3182.569685
22.319611,30,3187.201038
18.220178,26,3191.261846
5.720221,9,3193.646883
13.55351,21,3197.70675
21.653555,30,3202.22047
9.819611,14,3204.383003
21.15351,30,3210.878319
21.02022,30,3215.43894
21.586538,30,3220.112709
20.985599,30,3226.428857
20.984224,28,3230.647271
22.298758,30,3235.759023
6.899384,10,3238.449673
21.319916,30,3243.067746
20.72022,30,3247.736195
21.153555,30,3254.370383
23.086266,30,3259.040442
21.753246,30,3264.182381
21.785994,30,3270.21239
10.635996,16,3272.718345
15.846842,22,3276.197744
22.553548,30,3282.739427
22.086844,30,3287.284018
13.966402,20,3290.328305
21.319224,30,3296.86278
20.986882,30,3301.416982
21.553554,30,3305.989826
21.052355,30,3312.520357
21.053244,30,3317.073406
20.653549,30,3322.038019
20.853247,30,3328.023249
20.186888,30,3471.618198
21.919274,30,3476.241219
20.420221,30,3481.183237
21.086237,30,3487.308941
4.252661,7,3488.461844
18.153555,27,3492.585642
22.42022,30,3498.733377
20.420221,30,3503.702904
22.019329,30,3508.36588
22.351378,30,3514.647596
21.419022,30,3519.35176
5.186258,8,3520.670704
20.820221,30,3526.297968
21.651994,30,3531.76963
10.920221,17,3534.353039
20.786888,30,3539.256481
20.320216,30,3545.2
21.686888,30,3549.831717
13.986888,21,3553.321659
1.715153,3,3554.09535
20.653554,30,3559.947353
10.286848,16,3562.371305
21.053555,30,3566.94656
20.75231,30,3573.374942
22.420221,30,3577.877979
20.867544,30,3583.330055
20.520221,30,3589.091267
21.420221,30,3593.642881
22.286264,30,3599.878919
22.020221,30,3604.698703
20.552931,30,3609.332414
20.28658,30,3615.877364
15.186883,23,3619.348585
21.053554,30,3624.260525
5.686888,9,3626.165115
20.220221,30,3632.080027
22.286265,30,3636.613117
21.386888,30,3642.493229
22.086619,30,3647.573528
20.153555,30,3652.124071
21.486618,30,3658.503058
22.68662,30,3663.172103
10.101685,14,3665.33027
2.483652,4,3665.937359
23.352931,30,3672.108199
21.253247,30,3676.936923
20.68662,30,3681.376238
21.386264,30,3687.723082
22.820221,30,3692.464932
21.952931,30,3696.980036
21.253541,30,3703.500829
21.220221,30,3708.132636
21.886888,30,3713.450567
21.186887,30,3719.111031
20.186882,30,3723.734763
20.586585,30,3729.823158
20.419329,30,3734.801699
20.86933,30,3739.349088
15.732665,22,3744.979051
4.886882,8,3746.312172
21.652661,30,3750.801857
21.986844,30,3755.591539
21.12022,30,3761.883538
22.219327,30,3766.489341
21.486883,30,3771.985252
20.853554,30,3777.529598
23.086887,30,3782.095922
22.420221,30,3788.374546
22.183294,30,3792.991634
20.702039,30,3797.595895
20.420221,30,3803.99491
21.853555,30,3808.549693
22.186843,30,3813.065922
20.552654,30,3819.529045
20.553555,30,3824.111275
21.020221,30,3970.246738
22.020221,30,3976.567178
20.553554,30,3981.172492
21.153554,30,3985.76975
22.153555,30,3992.11959
21.052932,30,3996.655537
20.519598,30,4001.249373
21.786888,30,4007.576913
4.286532,6,4008.511605
22.020221,30,4013.19306
21.986888,30,4019.218298
20.353547,30,4024.229769
21.718436,30,4028.753744
10.38662,16,4032.018843
22.220221,30,4037.664841
22.553555,30,4042.23533
21.819917,30,4048.153572
20.42022,30,4053.117922
21.453555,30,4057.669844
3.60035,6,4058.615375
21.020221,30,4065.1512
20.353553,30,4069.746532
20.020221,30,4074.879607
21.486849,30,4080.75889
22.286888,30,4085.215663
20.420221,30,4091.209192
20.719598,30,4096.295739
20.853555,30,4100.87343
21.820221,30,4107.217572
22.053554,30,4111.783583
21.886277,30,4116.348475
21.220221,30,4122.801682
20.619598,30,4127.272669
22.053552,30,4132.378942
20.286888,30,4138.230828
20.320183,30,4142.788961
22.186265,30,4148.56758
21.32021,30,4153.864854
20.08658,30,4158.378876
22.153555,30,4164.804273
4.702662,7,4165.868926
21.620221,30,4170.337292
22.085996,30,4175.284005
22.05324,30,4181.43142
21.852944,30,4186.050912
21.120221,30,4191.848682
20.986882,30,4196.909707
22.020215,30,4201.427396
5.453554,8,4202.678402
21.019329,30,4209.11241
12.020221,19,4212.02161
12.32022,19,4215.015035
22.286264,30,4220.981943
22.252932,30,4226.34134
21.72022,30,4230.847395
21.453555,30,4237.202236
22.053511,30,4241.765604
21.12022,30,4246.439976
22.552586,30,4252.834618
17.233683,25,4256.630362
1.913001,3,4257.092842
3.417254,5,4257.841567
22.053549,30,4263.419096
21.719913,30,4268.689416
21.886264,30,4273.215677
21.953247,30,4279.633906
22.153555,30,4284.223531
21.92022,30,4288.710752
21.720221,30,4295.12094
3.52018,6,4296.024967
22.153555,30,4300.508289
21.719329,30,4305.596626
16.352931,25,4310.71305
2.952885,5,4311.491741
21.419913,30,4316.014287
21.452931,30,4322.075893
21.020221,30,4467.873175
21.719327,30,4472.481962
22.420182,30,4477.028402
21.020221,30,4483.523517
22.153555,30,4488.079496
22.153555,30,4492.829168
21.61991,30,4499.056558
22.284576,30,4503.746535
20.553555,30,4509.306618
20.686888,30,4514.587999
20.753555,30,4519.08054
21.353555,30,4525.467668
21.753554,30,4530.396952
21.153555,30,4534.873387
21.420221,30,4541.467776
21.986582,30,4545.913171
22.153555,30,4550.749419
21.020221,30,4556.934711
21.986888,30,4561.542349
20.652615,30,4567.206724
20.020221,30,4572.513633
20.153555,30,4577.064958
22.15303,30,4583.499945
18.820221,29,4587.795129
20.786888,30,4592.415212
22.153555,30,4598.764571
20.919948,30,4603.257049
18.653555,26,4607.305943
22.353554,30,4613.682641
21.052663,30,4618.213537
21.253555,30,4623.0251
22.020221,30,4628.993883
22.420221,30,4633.56554
7.08658,11,4635.295601
20.318987,30,4641.665858
20.920221,30,4646.282263
22.153514,30,4650.770124
21.486888,30,4657.321512
21.385685,30,4661.773955
21.786888,30,4666.956072
20.153555,30,4672.84153
20.353554,30,4677.485056
20.886883,30,4683.490493
21.986888,30,4688.407568
21.135996,30,4693.05144
21.386888,30,4699.51461
21.748836,30,4703.974726
20.286888,30,4708.781556
21.120181,30,4715.093503
21.653549,30,4719.671566
21.086887,30,4724.611001
21.753554,30,4730.549897
20.286888,30,4735.057664
20.153555,30,4740.750468
21.586883,30,4746.087734
20.886848,30,4750.537616
21.786888,30,4757.012371
20.78662,30,4761.577398
21.986888,30,4766.088209
21.486888,30,4772.628672
22.020221,30,4777.191427
21.020221,30,4782.114127
21.620216,30,4788.138222
21.185994,30,4792.634322
22.120213,30,4798.559269
20.553511,30,4803.632954
20.685994,30,4808.164606
20.186888,30,4814.563778
6.720221,11,4816.208857
22.286888,30,4820.827641
22.153555,30,4966.044929
21.053554,30,4971.541356
20.786888,30,4977.017371
21.153208,30,4981.485628
21.020221,30,4987.774291
21.320221,30,4992.488916
21.053554,30,4996.995431
22.020221,30,5003.500503
22.553555,30,5008.023305
22.365785,30,5012.594387
21.020221,30,5019.029324
21.320221,30,5023.524532
20.120221,30,5028.645379
2.046796,3,5029.42308
20.953511,30,5034.946838
21.386888,30,5039.758926
22.419911,30,5046.339968
21.453555,30,5050.819686
21.499426,30,5055.318284
20.400351,30,5061.815225
20.520221,30,5066.405184
20.620221,30,5071.525752
20.320221,30,5077.440656
6.966408,11,5079.080047
20.386888,30,5083.602922
22.020221,30,5089.987516
21.686888,30,5094.621192
22.253555,30,5099.07504
20.286888,30,5105.496937
21.853555,30,5109.947595
21.419877,30,5115.123167
21.853247,30,5120.930927
21.953548,30,5125.495655
22.285038,30,5131.464225
21.386888,30,5136.43168
21.752931,30,5140.958763
8.866792,13,5143.331306
22.385685,30,5149.428619
20.386264,30,5153.993875
20.020221,30,5159.861983
22.020221,30,5164.970664
12.953554,20,5168.079941
21.753555,30,5173.576338
21.953247,30,5179.096047
21.986888,30,5183.604243
22.153554,30,5189.723995
21.952321,30,5195.328328
20.420221,30,5199.93381
20.586883,30,5206.545824
20.520178,30,5211.029308
20.417604,30,5215.679827
11.919598,17,5220.002715
20.286888,30,5224.421281
20.220221,30,5228.989298
22.220221,30,5235.483212
15.486887,22,5238.891232
21.26933,30,5243.532341
21.286888,30,5250.145465
2.046796,3,5250.614671
22.286888,30,5255.200852
17.686231,26,5259.521081
14.96933,23,5264.483194
21.020221,30,5268.990929
22.020221,30,5274.085881
22.419294,30,5280.098076
21.984575,30,5284.651289
21.286226,30,5290.3705
20.620221,30,5295.650363
22.020221,30,5300.250808
20.020221,30,5306.580525
20.319282,30,5311.362381
7.520221,11,5313.030072
22.020221,30,5318.310676
20.886888,30,5463.723862
22.020221,30,5469.191466
20.520221,30,5473.604739
20.020221,30,5479.683261
21.485994,30,5484.580059
22.020221,30,5489.080314
22.153555,30,5495.48399
22.08658,30,5499.975199
21.686887,30,5504.523566
21.886888,30,5510.983445
21.286264,30,5515.608704
20.920216,30,5520.886476
21.752926,30,5526.528366
7.353555,12,5528.346243
21.153246,30,5532.889359
21.284576,30,5539.248124
11.920221,18,5542.074748
20.153555,30,5546.683974
21.986264,30,5553.223008
22.15325,30,5557.802425
20.420221,30,5562.45321
21.620221,30,5568.950544
20.020221,30,5573.510073
22.153555,30,5578.868053
20.886265,30,5584.505276
21.786888,30,5588.94065
20.020221,30,5595.113919
21.286888,30,5599.89037
21.653555,30,5604.45331
20.286888,30,5610.890033
20.920221,30,5615.512396
20.120221,30,5619.919231
21.152931,30,5626.3668
20.020221,30,5630.810759
20.020221,30,5636.12495
20.020221,30,5641.975806
20.153555,30,5646.6768
22.153555,30,5652.76911
22.38658,30,5657.61396
22.020221,30,5662.13544
18.453554,27,5668.178393
20.020221,30,5672.948253
20.153549,30,5677.503116
21.120178,30,5683.858076
13.420221,20,5686.960583
20.153555,30,5691.471663
22.020221,30,5697.997762
20.820221,30,5702.512003
20.42022,30,5707.291436
21.553555,30,5713.513303
22.153555,30,5718.14547
21.152931,30,5723.72933
20.853549,30,5729.205407
22.153555,30,5733.683047
20.553555,30,5739.969858
21.286582,30,5744.630888
16.02022,23,5748.128806
21.353555,30,5754.559607
20.852042,30,5759.099803
20.020221,30,5763.610537
21.753555,30,5770.083935
20.46933,30,5774.648357
20.486888,30,5779.520645
20.486883,30,5785.714884
2.533333,4,5786.351057
20.402663,30,5790.985893
20.153554,30,5797.828995
22.152635,30,5802.384044
21.153555,30,5807.085718
21.752621,30,5813.388744
22.020221,30,5818.017352
20.420221,30,5961.74494
20.286265,30,5966.215166
21.251241,30,5972.712707
21.820221,30,5977.394974
21.920221,30,5982.458818
20.153555,30,5988.376426
20.986846,30,5992.913127
21.153555,30,5998.849879
20.020221,30,6004.050186
22.020221,30,6008.795949
20.053555,30,6015.251893
21.020221,30,6019.729642
20.986888,30,6024.238476
21.053549,30,6030.758775
21.453514,30,6035.236667
21.152931,30,6040.161769
11.720221,17,6044.13684
20.286888,30,6048.66299
9.919026,15,6050.984087
22.020221,30,6056.999217
21.953554,30,6061.932378
21.286888,30,6066.470172
22.420221,30,6072.906307
20.853287,30,6077.446931
22.020221,30,6082.044209
20.15325,30,6088.613615
21.119598,30,6093.21034
21.119327,30,6098.625903
22.286888,30,6104.194037
16.686888,26,6108.017828
18.520221,28,6113.159918
20.920221,30,6118.643877
22.153554,30,6123.290002
21.286888,30,6129.595975
21.020221,30,6134.399274
15.386888,24,6138.011
21.118709,30,6144.368809
20.720221,30,6148.989867
20.953555,30,6153.639387
21.086264,30,6160.108963
20.286887,30,6164.689375
20.020221,30,6169.58776
21.786881,30,6175.68387
21.152931,30,6180.280374
22.153555,30,6186.086965
22.020221,30,6191.238532
17.852929,26,6195.231755
21.720221,30,6201.350337
21.785994,30,6206.279644
21.520221,30,6210.877524
20.986888,30,6217.399783
21.953247,30,6221.893621
20.020221,30,6226.768607
21.419598,30,6233.048191
20.586888,30,6237.598083
20.420221,30,6243.248835
21.120221,30,6248.657109
13.352663,19,6251.530009
22.153555,30,6256.782044
20.753555,30,6262.504364
21.686582,30,6267.017827
20.453554,30,6272.90844
21.153555,30,6278.78644
20.020221,30,6283.29007
20.153555,30,6289.743399
20.286888,30,6294.272577
2.15258,4,6294.912299
20.219284,30,6300.087126
20.020221,30,6306.033635
20.653247,30,6310.539582
22.420221,30,6316.615959
20.020221,30,6462.532025
22.020221,30,6467.082566
22.020221,30,6471.639772
12.700046,19,6476.002323
22.020221,30,6481.012518
21.353555,30,6485.689792
20.153555,30,6492.138475
22.400351,30,6496.777348
20.420221,30,6501.499316
21.285993,30,6507.845888
22.020221,30,6512.489706
21.020221,30,6518.131219
20.153555,30,6523.616401
22.086836,30,6528.211129
20.153555,30,6534.633776
22.153555,30,6539.206924
20.020221,30,6543.931952
21.920178,30,6550.259909
22.020221,30,6554.860044
22.020221,30,6559.773339
22.020221,30,6565.761307
21.153554,30,6570.272378
21.020221,30,6575.917989
22.15325,30,6581.256446
20.26933,30,6585.843056
20.020221,30,6592.328749
21.553207,30,6596.795229
20.286848,30,6601.304532
21.786888,30,6607.895285
20.153555,30,6612.408812
21.152931,30,6617.081024
21.853555,30,6623.428163
21.020221,30,6628.126787
21.153555,30,6633.781385
20.020221,30,6639.196232
22.420221,30,6643.807309
22.020221,30,6650.385634
21.719285,30,6655.007392
22.153554,30,6659.467913
20.286888,30,6665.943046
22.020221,30,6670.416357
21.786882,30,6675.301063
22.020221,30,6681.366911
21.135996,30,6685.925271
22.219598,30,6691.393522
21.219598,30,6696.972623
20.020221,30,6701.472743
20.186888,30,6708.088114
21.053555,30,6712.741219
21.386888,30,6717.420398
22.020221,30,6723.929885
14.420221,21,6727.246172
20.020221,30,6731.831789
21.020221,30,6738.338827
21.420221,30,6742.845211
20.153555,30,6747.950361
22.020221,30,6753.744471
22.020221,30,6758.967244
21.919598,30,6765.434432
21.286888,30,6770.07889
22.020221,30,6774.566627
21.085996,30,6781.053143
22.020221,30,6785.645535
17.820221,25,6789.487338
20.720221,30,6795.993331
21.153555,30,6800.645652
20.886888,30,6806.049516
20.753554,30,6811.797862
21.153555,30,6816.349489
20.953554,30,6961.354465
21.786888,30,6967.800087
3.486887,6,6968.742813
20.020221,30,6973.436202
21.153555,30,6978.401978
19.333684,29,6984.287052
20.020221,30,6988.788707
20.586888,30,6994.449618
20.153549,30,6999.732113
20.853554,30,7004.344653
22.020221,30,7010.834542
20.020221,30,7015.478306
21.153555,30,7019.957727
20.186264,30,7026.462311
21.920221,30,7031.08375
21.886888,30,7035.968325
20.153555,30,7042.150687
20.284576,30,7046.587138
22.153555,30,7052.228231
20.153555,30,7057.519316
20.152931,30,7062.150519
21.286888,30,7068.554248
21.020221,30,7073.112699
22.135996,30,7077.707645
20.020221,30,7084.11152
20.020221,30,7088.708952
21.086888,30,7093.755367
21.186888,30,7099.883897
20.386888,30,7104.553167
2.352314,4,7105.152513
13.986888,20,7108.995392
21.286264,30,7114.676065
20.586887,30,7119.189743
22.286888,30,7125.381064
8.253555,12,7127.557707
20.286888,30,7132.168292
21.020221,30,7137.384998
20.052661,30,7143.180295
21.352661,30,7147.814581
22.020221,30,7154.001744
8.853555,13,7156.366046
21.853549,30,7160.846259
20.252033,30,7165.928736
22.153555,30,7171.901443
22.153555,30,7176.450333
22.553555,30,7182.140335
20.020221,30,7187.267815
22.135996,30,7191.808215
22.020221,30,7198.277678
9.620221,14,7200.366906
20.153555,30,7204.92787
20.153554,30,7210.562351
20.020221,30,7215.95243
20.752661,30,7220.475942
21.820221,30,7227.016097
22.151242,30,7231.575444
21.020221,30,7236.220916
20.153555,30,7243.18793
18.720221,29,7247.593082
21.020221,30,7252.199969
20.820221,30,7258.537786
20.353554,30,7262.997992
20.020221,30,7268.477973
21.286848,30,7274.089003
21.020221,30,7278.797617
20.952931,30,7284.97031
22.153555,30,7289.875416
20.753554,30,7294.390829
20.786264,30,7300.873162
21.020221,30,7305.356935
20.020221,30,7310.013031
21.020221,30,7316.387759
21.020221,30,7462.433065
21.120221,30,7466.925311
20.020221,30,7473.358266
21.186264,30,7477.875796
20.020221,30,7482.368946
22.020221,30,7488.800032
20.020221,30,7493.27032
20.053555,30,7497.892084
20.020221,30,7504.295258
21.153555,30,7508.803469
20.420221,30,7514.26974
20.020221,30,7519.85992
22.153554,30,7524.532393
21.320221,30,7530.564497
20.053555,30,7535.36657
22.020221,30,7539.824229
20.153555,30,7546.377211
22.153555,30,7550.925423
21.419598,30,7555.51241
22.053513,30,7561.873532
22.286265,30,7566.439928
21.020221,30,7571.724271
20.753511,30,7577.504105
16.420221,25,7581.280146
21.020221,30,7586.927147
22.020221,30,7592.326293
20.553555,30,7596.858488
21.286888,30,7603.051264
22.020221,30,7607.801899
20.020221,30,7612.358441
20.486888,30,7618.778718
20.020221,30,7623.480328
21.020221,30,7628.16131
20.386264,30,7634.697097
20.620221,30,7639.295084
10.620221,15,7641.542326
22.020221,30,7648.0216
21.153555,30,7652.55296
21.986887,30,7657.239587
11.820221,17,7661.552788
20.886882,30,7666.010075
21.020221,30,7670.523229
22.020221,30,7677.045928
10.586888,16,7679.563746
20.886888,30,7684.262361
20.020221,30,7690.724483
20.020221,30,7695.3269
21.020221,30,7699.908481
22.020221,30,7706.39512
22.020221,30,7711.147
22.286888,30,7716.319035
22.153555,30,7722.120926
22.153555,30,7727.258281
21.386888,30,7733.790316
20.020221,30,7738.335518
20.153555,30,7742.871647
3.586887,6,7743.891334
22.020221,30,7750.228275
22.152931,30,7754.90268
22.153555,30,7760.584135
22.320215,30,7765.910699
20.386848,30,7770.490154
20.853555,30,7776.979582
20.517907,30,7781.60165
12.98658,19,7784.506886
22.020221,30,7790.615667
22.153549,30,7795.435771
20.42022,30,7799.926064
21.553554,30,7806.490177
22.153555,30,7810.987168
20.152931,30,7815.855384
21.020221,30,7963.811904
22.153555,30,7968.873353
21.020221,30,7973.499062
20.253554,30,7979.980768
21.586882,30,7984.506495
22.153554,30,7988.954943
20.020221,30,7995.483275
21.120221,30,8000.132548
20.686264,30,8005.187961
20.020221,30,8011.127888
22.153555,30,8015.63881
20.120221,30,8021.401013
21.220221,30,8026.610984
21.719598,30,8031.176917
22.020221,30,8037.636722
21.286888,30,8042.095702
20.020221,30,8046.520282
22.020221,30,8052.903512
21.820221,30,8057.465259
20.153514,30,8062.288482
21.486888,30,8068.504875
5.335996,8,8069.749464
22.020221,30,8074.262346
20.219327,30,8080.679475
20.020221,30,8085.320096
22.286888,30,8089.895898
20.417909,30,8096.257891
21.320221,30,8101.134109
21.420221,30,8106.30463
21.153555,30,8112.095197
20.386883,30,8116.633395
20.020221,30,8122.695839
21.152931,30,8127.77236
21.020221,30,8132.246561
21.153555,30,8138.68507
21.020221,30,8143.323423
21.153555,30,8147.895212
20.020221,30,8154.230057
20.386888,30,8158.803111
20.020221,30,8163.723301
20.020221,30,8169.808104
20.020221,30,8174.274544
22.020221,30,8180.399657
22.220181,30,8185.345321
21.020221,30,8189.944562
20.020221,30,8196.352132
21.286888,30,8200.841921
20.553555,30,8205.431584
21.286888,30,8212.392778
20.153555,30,8216.890236
20.286888,30,8222.091049
18.786888,27,8227.433832
22.020221,30,8232.165253
22.153555,30,8237.800274
22.15325,30,8243.212067
20.153555,30,8247.767246
22.020221,30,8254.253477
1.632711,3,8254.695799
20.286888,30,8259.205187
21.152931,30,8263.800348
21.153555,30,8270.29053
20.153555,30,8274.902158
21.153555,30,8279.952557
20.420221,30,8285.792685
21.953555,30,8290.296322
21.020221,30,8296.459369
20.153555,30,8301.587464
20.219327,30,8306.10892
20.420221,30,8312.629043
5.220221,8,8313.814771
20.753555,30,8318.35589
20.020221,30,8470.302211
22.153555,30,8475.156939
20.020221,30,8479.659828
22.153555,30,8486.101627
22.153555,30,8490.744509
22.153555,30,8495.363191
21.020221,30,8501.778611
21.486888,30,8506.329403
21.152931,30,8511.692426
22.020221,30,8517.361091
21.186888,30,8521.811403
20.153555,30,8527.924523
22.020221,30,8532.772823
21.135996,30,8537.383643
22.153555,30,8543.824642
22.153555,30,8548.326627
21.020221,30,8552.881935
21.020221,30,8559.327038
22.286888,30,8563.830931
21.020221,30,8568.932029
10.020221,16,8572.830766
22.152931,30,8577.395879
21.020221,30,8581.873351
21.020221,30,8588.346997
21.020221,30,8592.912586
22.020221,30,8598.445146
6.084576,9,8600.796868
22.020221,30,8605.398893
21.286265,30,8609.988714
22.020221,30,8616.377763
22.553555,30,8620.881793
21.020221,30,8625.389084
21.686888,30,8632.027759
21.153555,30,8636.605258
22.020221,30,8641.978469
20.020221,30,8647.590671
22.153555,30,8652.214022
21.120221,30,8658.670802
22.020221,30,8663.305388
20.020221,30,8667.781972
22.135996,30,8674.116671
21.586888,30,8678.698487
22.286888,30,8683.321947
20.153555,30,8689.786964
20.717909,30,8694.773543
21.286888,30,8700.713072
22.020221,30,8705.908958
21.552932,30,8710.540644
4.134056,6,8711.460495
20.020221,30,8717.945173
2.417254,4,8718.563966
22.417564,30,8723.088506
20.253555,30,8728.611435
6.935373,10,8731.181434
21.153555,30,8735.794343
20.020221,30,8740.394386
22.153555,30,8746.710059
20.020221,30,8751.424035
22.020221,30,8756.278435
21.153555,30,8762.443161
20.520178,30,8766.914589
20.267017,30,8772.633723
22.020221,30,8777.936609
22.020221,30,8782.602907
20.020221,30,8789.054217
20.020221,30,8793.651309
20.153555,30,8798.260718
20.920221,30,8804.685328
20.020221,30,8809.251345
21.020221,30,8814.09537
21.020221,30,8820.270992
21.153555,30,8970.079825
21.020221,30,8976.567492
21.020221,30,8981.160588
21.686888,30,8985.816673
21.153555,30,8992.264843
22.152931,30,8996.830312
22.020221,30,9001.743044
22.020221,30,9007.867372
20.020221,30,9012.446993
20.853287,30,9018.357923
21.153555,30,9023.655084
19.620221,28,9027.801046
22.153555,30,9034.259752
21.020221,30,9038.733206
20.153555,30,9043.199559
21.020221,30,9049.612749
20.020221,30,9054.323417
22.020221,30,9059.132941
21.153555,30,9065.295179
20.62022,30,9069.821695
21.153514,30,9075.555237
21.020221,30,9080.884174
21.020221,30,9085.538281
21.420221,30,9091.916717
20.786888,30,9096.58865
22.020221,30,9101.057851
21.919023,30,9107.472708
20.153555,30,9112.021926
22.153555,30,9116.955326
22.020221,30,9123.123842
20.153555,30,9127.662979
21.020221,30,9133.537352
22.286888,30,9138.825281
21.420221,30,9143.402223
22.152931,30,9149.804176
22.020221,30,9154.260413
21.284271,30,9158.816031
22.286888,30,9165.273642
22.020221,30,9169.815735
20.020221,30,9174.506227
20.153555,30,9180.825945
21.020221,30,9185.333046
21.020221,30,9191.076366
20.553555,30,9196.424177
22.286883,30,9200.9328
21.286264,30,9207.396909
22.153555,30,9211.955086
21.153555,30,9216.520184
21.020221,30,9222.824251
21.020221,30,9227.368667
20.153555,30,9231.975246
21.253554,30,9238.319558
21.020221,30,9242.748172
20.020221,30,9248.294102
22.020221,30,9253.884066
22.286888,30,9258.55385
21.286888,30,9264.976789
22.153555,30,9269.597348
21.453555,30,9274.120506
21.020221,30,9280.562668
22.020221,30,9285.069777
22.020221,30,9289.858362
21.153555,30,9296.682112
22.020221,30,9301.315396
20.020221,30,9307.164333
20.153555,30,9312.459074
22.419877,30,9316.985965
20.020221,30,9323.518894
20.186888,30,9328.1424
16.26933,25,9474.550919
21.020221,30,9480.171193
22.153555,30,9485.660512
21.020221,30,9490.188951
21.020221,30,9496.605059
21.020221,30,9501.424042
21.020221,30,9506.083902
21.020221,30,9512.5756
21.020221,30,9517.080319
21.420221,30,9522.020134
22.420221,30,9528.065236
20.820221,30,9532.594863
22.286888,30,9538.389752
22.020221,30,9543.582947
22.152931,30,9548.283931
22.286264,30,9554.718957
22.020221,30,9559.234284
22.152931,30,9563.912944
20.153555,30,9570.408079
21.286888,30,9574.942261
20.153555,30,9579.985265
20.286848,30,9585.981879
22.420221,30,9590.773215
22.153555,30,9596.770345
21.020221,30,9601.802782
21.119598,30,9606.34478
21.020221,30,9612.848419
21.020221,30,9617.375187
20.020221,30,9621.97414
20.020221,30,9628.545375
20.020221,30,9633.196505
20.586888,30,9638.362967
20.020221,30,9644.260942
20.286888,30,9648.758026
21.653554,30,9654.774567
22.153554,30,9659.886065
21.151242,30,9664.54412
21.020221,30,9671.022306
20.020221,30,9675.642148
21.286888,30,9680.528919
20.020221,30,9686.929083
20.020221,30,9691.478429
22.53338,30,9697.255141
21.020221,30,9702.533788
21.153554,30,9707.149335
20.020221,30,9713.523007
20.420221,30,9718.229007
21.320221,30,9722.778977
20.353555,30,9729.364954
20.020221,30,9733.886683
22.020221,30,9739.008691
20.020221,30,9744.879435
20.020221,30,9749.388719
22.020221,30,9755.326838
22.420221,30,9760.35227
20.020221,30,9764.91231
22.020221,30,9771.36579
22.152931,30,9776.00644
20.286888,30,9780.935812
20.353555,30,9787.471177
20.153555,30,9792.022943
21.020221,30,9797.407627
22.020221,30,9802.975505
20.020221,30,9807.752661
21.020221,30,9814.156725
14.252623,21,9817.557627
22.020221,30,9822.128347
22.153555,30,9828.538726
21.586888,30,9833.134587
21.26933,30,9980.720299
22.020221,30,9986.528913
21.020221,30,9991.68751
20.020221,30,9996.35226
22.020221,30,10002.617427
20.020221,30,10007.276648
20.153555,30,10011.844475
20.020221,30,10018.147285
22.153555,30,10022.681242
20.153555,30,10028.160022
21.486888,30,10033.745974
20.020221,30,10038.258984
20.253554,30,10044.60206
22.020221,30,10049.067104
20.020221,30,10053.637974
4.686888,8,10055.048323
14.020221,20,10059.628528
22.020221,30,10064.275406
20.152931,30,10068.739345
22.020221,30,10075.027948
21.152931,30,10079.643021
15.320221,22,10083.008442
22.268706,30,10089.387974
4.753554,7,10090.461906
21.020221,30,10095.10187
20.686577,30,10101.403377
20.420221,30,10105.999927
20.153555,30,10110.627973
21.020221,30,10116.924604
22.152931,30,10121.435964
21.020221,30,10126.042391
21.020221,30,10132.256028
21.020221,30,10136.748694
22.020221,30,10142.323783
21.153555,30,10147.572764
22.286888,30,10152.157607
20.151242,30,10159.880472
21.153555,30,10164.438772
21.020221,30,10169.15754
21.020221,30,10175.666033
21.953555,30,10180.21803
20.020221,30,10185.663997
22.020221,30,10191.080544
20.020221,30,10195.641088
20.153555,30,10201.986734
22.020221,30,10207.201363
21.153555,30,10211.99787
21.286888,30,10218.276644
22.153555,30,10222.861013
22.020221,30,10228.07984
20.153555,30,10233.811333
20.020221,30,10238.302979
22.020221,30,10244.339284
21.020221,30,10249.068547
21.319598,30,10253.547484
21.020221,30,10259.77329
20.020221,30,10264.781934
21.020221,30,10269.234914
20.952932,30,10275.738651
21.020221,30,10280.264271
20.020221,30,10285.555923
21.020221,30,10290.936144
20.020221,30,10295.406343
10.353555,15,10297.667366
22.153555,30,10303.969077
20.520221,30,10308.517703
20.286888,30,10313.675393
21.520221,30,10319.433215
22.020221,30,10323.993746
20.020221,30,10330.014083
20.020221,30,10477.829133
22.020221,30,10482.318443
21.020221,30,10488.64818
20.26933,30,10493.193582
21.119327,30,10497.848024
22.152931,30,10504.122793
21.320221,30,10508.623379
22.152931,30,10514.204292
20.020221,30,10519.47039
21.486888,30,10523.969051
22.020221,30,10530.22679
22.020221,30,10534.758122
21.020221,30,10539.299843
22.020221,30,10545.599419
22.419598,30,10550.130501
21.020221,30,10554.858762
22.420221,30,10561.003872
21.319018,30,10565.546052
22.020221,30,10571.274538
22.020221,30,10576.546508
20.953554,30,10581.021087
22.186888,30,10587.24279
21.420221,30,10591.770267
20.020221,30,10596.372058
22.020221,30,10602.673812
21.152931,30,10607.253211
20.020221,30,10612.1566
20.020221,30,10618.063599
22.020221,30,10622.552551
20.020221,30,10628.296033
21.020221,30,10633.414112
20.020221,30,10638.097067
20.020221,30,10644.412293
20.420221,30,10648.868764
21.153555,30,10653.331211
20.020221,30,10659.655651
21.620221,30,10664.113037
20.153555,30,10669.162264
21.020221,30,10675.045727
22.020221,30,10679.558127
20.153555,30,10685.17843
22.020221,30,10690.394122
22.020221,30,10694.94405
20.286888,30,10701.18566
18.686888,26,10705.10625
20.153555,30,10709.595505
21.020221,30,10716.101
20.553165,30,10720.624335
21.153554,30,10725.253972
22.020221,30,10731.616409
17.220221,24,10735.146199
22.420216,30,10739.685485
22.020221,30,10746.777956
21.020221,30,10751.490085
21.153555,30,10757.131438
22.020221,30,10762.468649
20.153555,30,10766.872707
20.020221,30,10773.062672
21.020221,30,10777.948886
21.020221,30,10782.5548
21.152931,30,10788.921283
21.253555,30,10793.576379
13.353555,21,10796.745889
21.420221,30,10803.324326
21.152931,30,10808.007877
15.584576,23,10811.596334
22.020221,30,10818.05032
21.020221,30,10822.580527
20.020221,30,10827.344472
22.020221,30,10833.774209
21.152931,30,10982.354123
22.153555,30,10987.415107
22.020221,30,10993.414629
20.020221,30,10998.003504
21.020221,30,11003.819015
22.020221,30,11008.933192
20.919877,30,11013.539351
22.020221,30,11020.068087
20.153555,30,11024.508826
21.286842,30,11029.027259
20.153555,30,11035.475379
21.152931,30,11040.240622
21.020221,30,11045.126798
20.020221,30,11051.236804
20.686888,30,11055.799592
21.020221,30,11061.605421
21.15325,30,11066.731107
20.020221,30,11071.381345
22.020221,30,11077.763973
20.153555,30,11082.387002
21.020221,30,11086.957337
22.020221,30,11093.330789
22.553555,30,11097.842389
21.153555,30,11102.86363
20.153554,30,11108.965834
20.052661,30,11113.565713
20.286888,30,11119.255379
22.020221,30,11124.542736
22.153555,30,11129.000079
22.020221,30,11135.371198
21.153555,30,11140.026933
22.152931,30,11144.664155
20.020221,30,11151.128079
21.119327,30,11155.699416
22.153555,30,11160.630116
22.020221,30,11166.755563
20.020221,30,11171.492381
22.152931,30,11177.333094
22.020221,30,11182.430761
21.020221,30,11186.875612
22.020221,30,11193.33124
20.020221,30,11197.838015
22.286888,30,11202.375252
20.020221,30,11208.815604
20.468705,30,11213.478362
21.151242,30,11218.414844
15.486583,24,11223.685069
22.153555,30,11228.797697
20.020221,30,11234.44673
21.020221,30,11239.867786
22.153555,30,11244.470957
22.020221,30,11250.87118
21.08662,30,11255.647293
22.020221,30,11260.421916
21.020221,30,11266.875828
22.153555,30,11271.378774
20.153555,30,11276.646833
22.153555,30,11282.402741
20.020221,30,11286.943965
22.419598,30,11292.864405
21.020221,30,11298.061428
20.020221,30,11302.607076
21.286888,30,11309.102076
20.686888,30,11313.585669
22.020221,30,11318.093904
21.153555,30,11324.652835
20.020221,30,11329.153391
22.020221,30,11334.507089
22.269329,30,11484.150243
22.020221,30,11488.916079
22.286888,30,11494.3276
20.153555,30,11499.939584
20.153555,30,11504.653424
21.152931,30,11511.026708
22.153555,30,11515.66212
22.020221,30,11520.297886
20.020221,30,11526.604843
21.153554,30,11531.278869
20.020221,30,11536.039231
20.153555,30,11542.223641
21.020221,30,11546.681524
22.286888,30,11552.345432
21.153555,30,11557.727093
7.753555,12,11559.613683
22.020221,30,11564.123194
21.020221,30,11570.595056
20.020221,30,11575.150043
22.020221,30,11580.574899
21.853555,30,11586.140121
20.020221,30,11590.734832
21.020221,30,11596.872495
21.284576,30,11601.745147
20.153555,30,11606.322506
20.020221,30,11612.725016
6.686888,10,11614.227563
14.953555,23,11617.676784
22.020221,30,11622.583578
21.153555,30,11628.745863
22.153555,30,11633.27242
20.020221,30,11638.824704
20.153555,30,11644.106204
22.020221,30,11648.683533
22.153555,30,11655.239215
22.153555,30,11659.788591
21.020221,30,11664.272519
21.020221,30,11670.755345
22.153555,30,11675.284879
21.153555,30,11680.126795
21.020221,30,11686.347523
21.020221,30,11690.885912
20.020221,30,11696.375729
20.020221,30,11701.779608
21.152931,30,11706.305549
21.152931,30,11713.296092
20.153555,30,11717.889192
22.153555,30,11722.801838
21.020221,30,11729.239192
21.020221,30,11733.743607
21.020221,30,11738.860416
21.020221,30,11744.846084
22.152931,30,11749.33471
21.152931,30,11755.179352
21.020221,30,11760.260338
20.020221,30,11764.757923
22.020221,30,11771.119816
22.153555,30,11775.73633
21.020221,30,11780.255101
20.153555,30,11786.709685
21.020221,30,11791.291847
21.020221,30,11796.655126
22.020221,30,11802.509281
20.153555,30,11807.073717
20.15325,30,11813.319379
22.797105,30,11818.190886
21.020221,30,11822.823561
22.020221,30,11829.183937
21.020221,30,11833.73613
22.152931,30,11838.302051
22.152931,30,11989.067132
20.153555,30,11993.635528
22.153555,30,11999.002107
21.020221,30,12004.837651
1.7,3,12005.351738
22.153555,30,12010.008197
20.020221,30,12016.52396
20.153555,30,12020.988754
21.020221,30,12025.52778
8.286264,12,12028.15999
22.286888,30,12033.788239
22.152931,30,12038.278308
21.020221,30,12044.294732
22.153555,30,12049.365574
22.020221,30,12053.897207
22.153555,30,12060.276128
22.286888,30,12064.793905
21.020221,30,12069.300769
21.135996,30,12075.652841
21.153555,30,12080.240846
22.020221,30,12085.209218
20.020221,30,12091.12784
21.953555,30,12095.674749
22.286848,30,12101.436799
20.153555,30,12106.721837
21.153555,30,12111.281874
20.020221,30,12117.79521
20.020221,30,12122.376579
21.020221,30,12126.848098
21.019598,30,12133.290017
22.286888,30,12137.910372
21.153555,30,12143.014348
22.552931,30,12148.935693
22.020221,30,12153.38584
21.020221,30,12159.210695
21.020221,30,12164.290332
22.153555,30,12168.92139
21.720221,30,12175.251178
22.552932,30,12179.810328
20.553555,30,12184.346337
22.152931,30,12190.927549
20.286888,30,12195.973888
20.686888,30,12201.541775
22.020221,30,12207.024669
22.020221,30,12211.635795
22.020221,30,12217.831533
20.120221,30,12222.669923
22.153555,30,12227.241322
22.020221,30,12233.722398
21.152931,30,12238.267416
21.553555,30,12243.20724
20.020221,30,12249.419006
20.020221,30,12253.916185
20.620221,30,12259.745801
20.151242,30,12265.012772
20.020221,30,12269.556222
22.286887,30,12276.042668
20.920221,30,12280.582351
22.020221,30,12285.152185
20.786888,30,12291.643844
21.152931,30,12296.128554
22.020221,30,12300.976037
22.020221,30,12307.118727
21.020221,30,12311.743096
22.020221,30,12317.586602
22.153555,30,12322.766839
21.020221,30,12327.226997
21.153555,30,12333.757343
22.152931,30,12338.429202
20.020221,30,12342.898687
