#{"t_start": 1765013240.2276843, "env_id": "group5-env-v0"}
r,l,t
-0.240801,4,1.405849
0.793889,6,3.36607
1.142661,6,5.341526
7.982335,18,12.201103
8.262968,18,19.053756
5.15372,17,24.728331
4.267439,12,30.409652
-0.258177,4,31.687325
0.97086,6,33.684434
0.337491,7,35.955636
-0.203295,5,37.442861
-0.727597,3,38.391096
8.071031,17,45.685959
1.842021,8,48.343092
1.608438,8,51.134607
-0.030166,6,53.142561
1.277171,6,56.544417
-0.668229,3,57.97843
7.785605,18,64.063863
5.13832,13,69.469605
-0.042986,4,71.723042
-1.076016,2,72.516167
2.8182,9,75.515712
3.63357,11,79.190312
0.027637,4,80.40004
1.083785,7,82.86569
0.956634,6,86.160603
0.817698,6,88.224716
-1.195545,1,88.600801
0.553676,5,90.352704
0.411809,7,92.617476
-0.640787,3,93.589917
7.788262,18,101.188101
-1.229897,2,101.807129
3.856339,11,105.358023
-0.140572,4,106.717284
-0.9521,2,107.330162
8.144907,16,113.36535
4.44566,16,119.023105
1.103481,6,121.090274
-0.958305,2,121.74577
0.30053,8,124.309959
5.3186,14,130.97539
-0.916987,3,131.927279
-1.253271,1,132.282471
2.233122,9,135.291923
9.871134,16,141.525291
0.391872,5,144.312176
-1.005191,2,144.973161
-0.953139,2,145.616842
0.22012,5,147.282367
-1.066277,2,147.958477
-0.905804,3,148.997376
-1.066997,2,149.706898
1.729209,8,152.290663
-0.590167,3,153.283534
4.805632,14,159.707024
-0.105829,4,161.059816
0.469456,5,162.769128
0.980085,7,165.194123
2.448104,9,168.146472
-0.380408,3,169.851297
-0.496896,3,171.630395
-1.116998,1,172.179576
-0.130321,5,174.221607
3.98214,11,177.971984
0.468041,5,179.676205
2.577951,9,182.915814
-1.387388,1,183.508711
5.409321,14,189.738309
0.91741,6,191.871683
-1.38883,1,192.247061
5.844934,14,196.820487
-0.311993,3,198.440273
1.982836,8,202.539179
1.168049,6,204.665072
1.039001,6,206.64869
-0.484328,3,207.518876
2.40923,10,210.732723
-0.321412,3,211.953224
-0.377568,3,213.628075
-1.083454,1,214.216238
1.906076,9,217.835383
-0.019154,4,219.180436
1.856115,8,221.844753
-1.012895,2,222.463575
-0.489827,3,223.529276
2.913718,13,230.117602
1.53116,7,232.661875
-0.943256,2,233.325423
-0.954488,2,233.990849
3.620068,11,237.48237
3.563586,10,241.042904
-0.947877,2,242.184885
0.201379,4,244.456028
-1.06413,2,245.1866
0.255858,5,246.716206
-0.46306,4,247.991319
-0.486188,3,249.064309
0.649812,7,251.360461
0.326137,5,253.002822
-0.948318,2,253.779309
-0.917433,3,255.129141
-1.071115,2,256.131914
4.152432,12,260.906387
-0.756092,4,262.296175
0.363675,5,263.924833
0.893766,6,265.782832
-0.247205,5,267.488801
1.726219,8,271.105949
0.853834,6,274.088517
-0.078203,5,275.744833
6.984195,17,281.194777
1.435876,7,283.470945
-0.950008,2,284.582515
2.98082,11,289.70667
-0.199443,3,290.684821
9.756715,16,295.987511
7.797565,20,304.538129
8.189336,18,310.507229
-0.465443,4,311.903185
0.464643,6,315.277794
2.29527,8,318.530819
-0.11702,4,319.986057
4.53605,13,324.05098
-0.208893,5,325.682002
-1.188231,1,326.009825
7.688827,19,333.993157
-0.318867,3,334.949918
1.281615,8,337.476928
8.004054,20,345.948166
-0.197125,5,347.490358
3.270253,14,352.152202
8.486686,18,360.285139
-1.186998,1,360.631727
6.328056,15,365.662489
4.239575,13,370.009518
0.90817,9,375.000278
-0.025558,6,377.086881
-0.945949,2,377.830363
7.88784,19,384.151855
-0.533712,5,386.776192
7.378734,20,394.187152
0.88328,11,397.826422
-0.416619,5,399.864254
6.979819,21,408.016907
2.546778,10,410.968112
0.531438,5,412.475187
-0.217369,5,414.756022
0.26433,5,417.743931
3.941786,12,421.683649
1.925562,9,424.704975
0.076787,4,425.972465
-1.228352,2,426.705755
-0.090787,6,429.692951
-0.678145,3,431.282981
-0.407376,5,433.227201
7.444714,21,439.715011
0.577646,5,441.397529
3.838462,17,448.748689
-0.453194,4,450.123586
0.987418,6,452.218258
5.473934,19,459.954773
-1.389245,1,460.512115
0.664946,11,464.214685
1.160296,8,466.856197
4.656462,21,475.642703
1.421132,7,478.084683
0.52909,6,480.13882
7.88391,19,486.920482
2.165679,14,492.409154
7.693724,19,498.581599
1.275825,9,503.26928
0.188283,8,505.905304
2.381112,15,510.666863
1.304122,8,513.272123
-1.081968,1,513.594823
-0.943528,2,514.684152
0.088874,5,517.58649
5.234717,20,524.370503
8.238128,19,532.794039
3.397753,12,536.807183
0.374876,6,538.689077
0.850083,10,541.845442
4.210757,15,548.559743
0.66011,9,551.497
3.938227,16,556.846714
0.430179,9,561.599023
0.156738,4,562.940676
7.996244,21,569.741475
6.218233,23,578.909217
-1.324834,3,579.908691
-0.8135,3,580.872858
0.540968,6,582.743616
0.004016,9,586.080831
1.081801,8,590.218143
6.248567,23,597.547972
0.78553,6,599.42959
7.626436,20,607.595306
6.681568,22,615.191007
5.969198,23,624.015009
-1.116028,1,624.358746
-0.947824,2,625.006778
6.569909,23,634.121269
3.198088,15,638.950862
-0.484577,3,639.889439
6.966717,22,648.732705
-0.566451,6,650.827586
0.695646,10,654.110979
0.230275,9,657.078914
6.575179,23,665.958353
2.374841,14,670.563485
-0.928495,4,672.042945
7.456426,20,680.001009
-0.882162,3,680.975449
3.839266,20,687.54843
0.031211,8,691.389453
-0.383816,4,692.632869
0.725655,8,695.101717
-0.724337,2,695.698478
6.519243,23,704.959977
6.185397,23,712.447559
-1.083506,3,713.556164
6.747864,21,722.52106
0.476321,10,725.790762
2.139912,12,729.9059
-1.064833,2,730.98291
-0.256333,4,733.227038
7.481846,20,740.172816
7.483933,21,749.046654
4.763856,20,755.600517
6.189666,22,764.842393
7.349796,23,772.210245
6.726757,22,781.35671
0.288421,7,783.684342
-0.415385,5,785.420281
0.56541,9,789.555111
5.943136,24,797.667614
0.746577,8,800.364143
-0.735043,3,801.28591
-0.006926,6,804.511153
0.191529,6,806.970777
-1.073988,2,807.651613
6.447861,23,814.953472
4.429157,20,823.441681
-1.061863,2,824.086909
5.216797,22,831.497396
-0.174628,8,835.483681
-0.389903,5,837.006891
0.477764,6,838.857784
3.026467,12,842.648213
-0.71872,4,843.969861
6.574568,23,853.209241
7.415486,23,861.896662
2.198456,15,867.489286
3.180167,19,874.37528
0.663155,5,877.460944
8.202255,21,884.457681
1.979577,15,890.792934
7.174976,23,898.675011
-0.221071,6,900.725148
7.18254,23,910.014706
0.259135,8,912.425915
-1.388774,1,912.76576
-0.15736,8,915.232448
0.036032,8,918.962255
0.055135,9,922.524906
6.413945,23,929.437867
0.180765,10,933.932013
-0.398458,7,936.545058
3.265779,20,942.696378
6.29437,23,952.072252
6.26643,23,959.853013
-0.566459,5,962.752665
-0.560391,5,965.049057
-0.589864,4,966.446578
2.67504,15,971.330713
-0.731333,4,972.504023
2.57009,18,980.055411
7.546272,23,987.624452
-0.389669,7,991.092548
-0.918298,4,993.218872
7.210457,23,1000.972946
0.739177,11,1005.799981
6.692171,22,1013.393772
0.46797,10,1016.454005
7.34202,23,1025.537224
6.433303,23,1034.189133
5.962562,23,1042.315912
-0.174791,8,1045.122615
1.932938,16,1051.934504
1.039586,13,1055.755415
0.507589,11,1059.547333
-0.103021,4,1061.218744
7.960115,21,1069.685727
-1.387663,1,1070.005693
0.462401,9,1072.649814
7.166655,23,1081.8462
6.713537,23,1089.028121
-0.754264,5,1091.557485
0.027719,9,1095.504808
5.824597,23,1103.180621
0.691494,9,1107.287594
0.4046,8,1110.113444
-0.571539,6,1112.038996
0.031524,9,1114.942906
6.065457,23,1124.634161
8.514904,22,1131.636622
-0.226376,4,1133.290847
6.110165,24,1142.135284
3.114224,19,1149.734072
5.994381,23,1157.736565
6.38234,23,1166.632034
-0.373395,7,1169.12755
5.974071,24,1177.582364
-0.546525,4,1179.830959
0.752006,11,1183.454166
5.978441,24,1192.268808
3.30702,20,1199.126231
-1.076443,2,1199.790513
-0.929688,4,1200.976903
-0.086355,7,1203.185259
2.881676,17,1210.41282
0.029237,9,1213.184257
7.193257,23,1222.384554
0.543411,9,1225.662863
7.166435,23,1232.909077
0.495016,10,1237.931775
1.291427,13,1242.197603
-0.947334,2,1242.849419
1.925261,16,1248.613654
4.096627,22,1256.410095
5.926225,24,1265.6581
-1.389016,1,1266.176894
2.997376,18,1272.040663
-0.940988,2,1272.680581
5.94928,24,1282.365041
0.515255,11,1285.942264
7.1991,23,1294.932836
5.969565,24,1302.538449
-1.22787,2,1303.23817
-1.384399,1,1303.557811
-1.21945,2,1304.23626
-1.067533,2,1305.033987
0.750264,10,1310.405271
2.955821,19,1316.870433
0.234493,9,1320.225633
2.032026,15,1326.377431
-0.190705,7,1328.625796
5.911527,24,1337.606869
3.552862,20,1344.360364
-0.95155,2,1345.07169
5.927186,24,1354.701823
-1.389649,1,1355.029936
5.930038,24,1362.239251
5.955825,24,1371.556203
-0.564208,6,1373.43408
-0.926971,4,1374.736414
-1.088632,3,1375.689041
3.542137,24,1385.415432
-1.072398,3,1386.440807
-0.591116,6,1388.36371
-0.7508,5,1389.958484
5.977795,24,1399.275815
6.143454,24,1408.28984
0.016689,8,1411.581421
-0.170684,8,1414.217237
-0.580255,6,1415.988953
-0.930075,4,1417.179926
0.024235,9,1420.13531
5.983538,24,1429.263654
1.307043,14,1433.659392
-1.072638,3,1434.825896
7.154032,23,1443.559983
1.938492,16,1448.5667
-1.385896,1,1449.168284
-0.93171,4,1451.433244
0.249524,10,1455.245173
5.991185,24,1462.819522
-0.004852,6,1465.803692
1.632643,15,1471.085811
-0.760531,5,1472.642936
-0.381266,6,1474.700197
-1.075382,3,1475.759706
5.985169,24,1485.193777
7.545957,23,1493.527278
-1.072142,3,1495.235909
-0.761763,5,1497.368418
6.280841,24,1504.901653
-1.219232,2,1505.566895
2.452907,17,1513.19663
-0.775504,5,1514.690181
3.487858,24,1524.296069
-1.227146,2,1525.187381
3.356635,19,1531.171103
5.90762,24,1541.041111
0.73914,12,1544.792215
5.933575,24,1553.865021
3.502058,19,1559.787267
-1.228766,2,1560.343281
0.018121,8,1562.835232
3.254606,18,1570.287056
0.772135,12,1574.196104
-0.388384,7,1576.466666
6.084461,24,1585.674807
-0.752339,5,1587.250947
6.098339,24,1596.942365
-0.578431,3,1598.012706
-0.578233,6,1599.884222
0.527531,11,1603.415163
-0.917022,4,1604.666179
6.146808,24,1614.151504
7.376302,23,1622.058689
5.95092,24,1631.464542
0.500825,9,1634.503077
6.05937,24,1644.153076
6.145994,24,1653.644645
-0.205692,9,1657.088942
-0.158023,6,1659.051856
5.999857,23,1667.552715
-0.76815,5,1669.77121
7.370294,23,1676.481312
-0.7641,5,1678.041493
-0.575289,6,1680.561693
-0.768221,5,1683.440136
1.618723,15,1688.23343
7.40609,23,1696.372765
1.225124,12,1700.798194
-1.220418,2,1701.451689
-1.077533,3,1702.417112
7.320177,23,1711.01901
1.04895,13,1715.569354
5.984834,24,1723.014206
0.436529,9,1727.420142
-0.922406,4,1728.757519
-0.171569,8,1731.289043
6.094292,24,1740.714926
6.313315,24,1748.524743
-0.429364,6,1750.422622
-0.744372,5,1752.687234
5.964232,24,1761.507481
1.795623,15,1766.905132
-0.576998,6,1770.138269
-1.128236,2,1770.847787
7.203535,23,1778.323724
-1.384942,1,1778.681428
6.060909,24,1787.995998
5.930831,24,1796.897591
6.109731,24,1805.342935
-0.925171,4,1806.676793
2.939552,19,1814.674894
6.414072,24,1822.339468
-1.078403,3,1823.526192
0.021563,9,1828.168054
0.045757,9,1831.046102
4.008614,22,1838.172705
0.021024,9,1842.7715
6.124186,24,1850.685029
6.100929,24,1859.887846
7.700739,23,1867.817982
-0.189007,8,1871.437899
0.751134,10,1874.888817
6.010781,24,1884.370344
5.905264,24,1891.96424
0.494392,11,1895.938796
2.573645,18,1902.94196
6.111604,24,1911.166028
2.931619,19,1917.963095
7.996729,23,1926.646204
1.94683,16,1932.313324
5.995056,24,1941.056322
5.84098,23,1948.661572
0.238822,8,1951.264251
-0.926395,4,1952.616282
-1.3927,1,1953.240636
-0.748314,5,1956.167861
0.952653,12,1960.372687
-1.071591,3,1961.358808
7.002685,23,1969.970681
-0.588686,6,1972.360014
-1.386187,1,1972.706386
1.600336,15,1977.171298
-1.229391,2,1977.822333
-1.389399,1,1978.166912
5.902546,24,1987.324847
-1.072785,3,1988.348904
5.924503,24,1997.508211
5.996404,24,2006.332622
0.242123,8,2008.666032
2.889429,19,2016.288594
0.062178,9,2018.98328
-0.756551,5,2020.468295
4.636292,23,2029.330338
-0.589002,6,2031.265451
5.958793,24,2038.424142
5.92275,24,2047.621238
-0.732268,4,2048.88159
0.51688,11,2052.102277
8.157931,23,2061.260461
-0.765594,5,2062.678665
-0.748146,5,2064.157489
5.962916,24,2073.738669
2.885396,19,2079.477676
6.069548,24,2089.107261
2.217943,17,2094.325218
-0.57748,6,2096.077458
5.889203,24,2105.537263
1.868122,15,2110.387052
-0.187582,8,2114.48849
5.990257,24,2122.177067
0.251533,10,2125.341048
6.117653,24,2134.596721
5.914342,24,2144.287942
0.245523,10,2147.275371
6.313196,23,2155.058581
5.907011,24,2163.726889
3.078489,19,2170.836168
-0.769218,4,2172.888442
-0.560227,6,2174.969141
5.970862,24,2182.567729
-0.580742,6,2185.9723
-0.387699,7,2188.906948
7.194363,23,2195.821578
-0.379259,7,2198.778168
-0.380608,7,2202.343835
0.253291,9,2205.42124
5.906031,24,2213.740123
0.755813,12,2218.316841
-1.390269,1,2218.678004
5.949078,24,2226.651911
-0.286641,6,2230.148906
0.248189,10,2232.935917
0.280355,3,2233.871366
-0.38318,7,2236.161358
6.134576,24,2246.226718
5.972613,24,2253.480236
0.804589,12,2259.147842
0.026256,9,2262.21309
0.006275,6,2264.209641
0.051952,9,2266.897372
0.037908,9,2270.676202
-0.563645,6,2273.821622
0.256128,10,2276.998275
5.895535,24,2284.035805
-0.172562,7,2287.768168
-1.080477,3,2288.812026
-0.386195,7,2291.007546
7.214822,23,2299.067367
5.963882,24,2307.547819
6.094277,24,2317.240029
0.75882,12,2321.164429
-0.438884,6,2323.089725
-0.747575,5,2324.617003
-0.171795,8,2327.567364
1.822095,15,2333.434772
7.257647,23,2340.328114
-0.376376,7,2344.127215
-1.08229,3,2345.573574
-0.912456,4,2346.80444
1.923312,16,2351.804876
5.894639,24,2361.190777
0.034071,9,2364.157044
0.201076,8,2366.837663
-0.570406,6,2368.778286
5.994521,24,2378.46028
6.263158,24,2388.080042
-0.667301,5,2389.76685
7.002437,23,2397.128465
-0.073256,7,2400.319933
-0.888023,3,2401.949913
0.02091,9,2405.313801
2.947445,17,2410.43601
1.011416,13,2416.145356
-0.37542,7,2418.897812
4.106527,21,2425.355249
0.221673,9,2428.859436
4.491964,22,2436.791463
5.938758,24,2446.175064
-0.382813,4,2447.480526
7.175175,23,2454.834203
5.949506,24,2464.229458
5.962754,24,2472.659453
5.94837,24,2480.931332
5.941247,24,2490.481345
0.99038,12,2495.143451
2.923728,19,2502.92748
0.468321,10,2506.243619
6.146254,24,2514.17322
5.909895,24,2523.920345
-0.579382,6,2525.905728
-0.751951,5,2527.591281
0.539286,11,2532.774772
5.982916,23,2539.996695
-0.918018,4,2541.306358
-0.894036,3,2542.3502
6.126491,24,2552.014521
-0.581721,3,2552.933429
6.227937,23,2562.210227
6.262963,23,2569.461666
-0.882549,3,2570.348299
7.005056,23,2579.669968
-0.583922,6,2581.613641
-1.063936,2,2582.294359
7.218269,23,2591.442336
0.365998,6,2593.462392
6.665536,23,2601.772836
0.100722,9,2605.744584
-1.072062,2,2606.400048
-0.003308,5,2607.967529
-0.164896,6,2610.03655
2.415319,16,2615.397187
5.935342,24,2623.706451
0.509478,10,2626.617877
7.228886,23,2635.146203
0.291073,10,2638.347074
-0.083345,8,2641.079918
1.018618,12,2646.538887
5.963198,24,2654.980493
-1.068726,2,2655.672931
0.739577,11,2660.671373
5.893002,24,2669.194355
-1.062949,2,2669.919219
5.99089,24,2679.531607
8.384636,23,2687.538321
5.912306,24,2696.406532
0.04332,9,2699.168398
-0.722815,4,2700.432475
-0.359738,6,2703.647721
5.900514,24,2711.864147
5.920466,24,2721.797658
5.934576,23,2729.164479
7.42087,23,2738.31695
-1.387725,1,2738.668416
5.995096,24,2747.991273
-0.576384,6,2750.112711
-0.383164,7,2752.33046
7.413754,23,2760.77731
7.001343,23,2768.801969
1.807433,14,2773.820585
5.966607,24,2782.447808
0.238056,9,2785.20792
7.233118,23,2794.351521
-1.335345,1,2794.72837
6.261933,23,2802.642685
4.07814,22,2810.604504
2.278432,15,2815.636953
5.892507,24,2824.632089
2.561557,16,2829.541941
3.07896,18,2836.803299
-0.391138,6,2838.636335
5.930116,24,2847.455728
2.001208,14,2852.393314
7.185149,23,2860.385452
-1.071998,2,2861.541653
0.041766,9,2865.259405
-1.227339,2,2865.959519
5.958204,24,2873.997394
6.456932,24,2883.322078
5.963994,24,2892.619459
-0.890484,3,2893.653882
2.916047,19,2899.640646
-0.368203,7,2901.998223
6.328231,23,2911.091479
6.084199,23,2920.025417
6.039698,23,2927.45536
5.957528,24,2936.835204
2.266825,17,2942.382125
-1.391484,1,2942.758715
2.212197,17,2949.981917
0.417675,10,2953.178387
1.067348,16,2958.56744
5.909422,24,2967.755575
-0.892118,3,2968.657725
-1.225514,2,2969.341283
-0.92574,4,2970.706621
-0.759294,5,2972.358354
-1.074888,3,2973.392715
-1.222306,2,2974.162021
-0.571697,6,2977.673433
5.964887,24,2985.655288
6.085109,24,2995.631153
0.269728,10,2998.952839
5.952301,24,3008.621235
0.616531,11,3012.149976
5.912057,24,3021.456249
0.041215,9,3024.496047
0.265349,10,3027.600886
2.976358,19,3034.808841
0.672203,11,3038.876036
7.24049,23,3045.782553
0.263182,10,3050.312336
0.509876,11,3053.86633
6.150055,24,3061.279846
5.937072,24,3070.357611
-1.385794,1,3070.663596
5.901972,24,3080.535901
-1.064211,2,3081.220876
5.976487,24,3088.529176
0.515578,11,3093.986219
1.645282,15,3098.792031
1.604436,15,3103.360305
-1.226185,2,3104.419348
-1.066413,2,3105.583663
0.762478,12,3110.355473
2.945298,19,3116.667932
-0.199428,8,3120.1699
7.190318,23,3128.367934
5.95031,24,3137.789443
5.936711,24,3144.906945
0.051234,9,3148.362304
6.645527,24,3157.214672
1.321803,14,3161.929784
0.541204,11,3166.888548
0.250551,10,3170.042033
4.296073,22,3178.586955
5.995588,24,3186.754014
5.910854,24,3196.175166
0.479403,9,3199.321574
5.895526,24,3209.196671
0.27333,9,3212.130719
5.955932,24,3220.637818
1.917695,16,3226.519172
5.909168,24,3234.999836
5.902024,24,3243.402834
-0.565134,6,3245.369002
-0.175088,8,3248.896803
0.975397,12,3253.688179
-0.403865,7,3255.857473
-0.751878,5,3257.417978
5.924005,24,3266.670664
0.04409,9,3269.347029
3.996774,22,3276.108244
5.915089,24,3285.794681
-1.385608,1,3286.116122
-0.923913,4,3287.408665
-0.393895,7,3289.547067
5.956407,24,3298.633409
-0.579009,6,3300.431744
5.933748,24,3310.027383
1.586809,15,3314.568718
-0.572837,6,3316.390451
0.025134,9,3319.051147
0.495194,11,3324.558076
5.884746,24,3332.08952
5.949816,24,3341.559519
7.901188,23,3349.518336
5.961017,24,3358.594631
5.995167,24,3367.567136
5.985291,24,3375.248805
-0.56849,6,3377.299362
5.924934,24,3386.276477
6.065354,23,3394.604343
-1.070738,3,3396.064987
6.773423,24,3403.679238
1.64305,15,3410.224123
1.683246,13,3414.261112
5.977758,24,3423.658459
2.575254,18,3429.609257
1.295986,14,3433.940108
-1.227098,2,3434.624011
0.767231,12,3439.867385
-0.19061,8,3442.41014
5.924786,24,3451.189549
5.903754,24,3459.494142
-1.232615,2,3460.087877
1.558966,14,3465.329646
7.173564,23,3473.593075
7.237647,23,3482.866612
5.95034,24,3490.604998
0.054679,9,3494.52288
-1.083986,3,3496.160972
5.974321,24,3503.694828
-0.93123,4,3505.062987
5.952503,24,3514.215163
7.222848,23,3521.912398
2.709866,17,3528.750502
0.742989,12,3532.327601
7.372586,23,3541.310686
5.954858,24,3548.693804
-0.37908,7,3551.943602
7.136394,23,3559.738557
-0.5746,6,3561.64188
5.942042,24,3570.618601
7.420798,23,3577.932057
7.243377,23,3586.991825
-0.588408,6,3588.860809
0.460949,10,3592.04985
0.015167,7,3595.630245
0.740492,8,3599.070465
1.056357,13,3603.189131
-0.753467,5,3604.810098
6.682168,23,3614.14909
0.244553,9,3617.147828
0.239193,9,3620.073647
1.465211,14,3626.23692
0.457995,8,3628.868045
0.284121,10,3632.095133
6.717169,23,3641.941999
7.201268,23,3649.566462
0.046533,9,3653.831456
0.041063,9,3657.076648
0.919498,10,3660.216664
5.900385,24,3670.136867
6.061293,24,3678.02879
1.311157,14,3684.617658
0.032598,9,3687.618914
3.029367,18,3693.411403
-0.588584,3,3695.087076
5.983729,24,3704.46053
-0.566499,6,3706.474464
-0.383399,6,3708.765547
-1.063137,2,3709.854678
-1.257858,1,3710.548232
5.90887,24,3718.836044
-0.749929,5,3720.493923
-0.367566,7,3723.373637
-1.067978,2,3724.606534
-0.933627,2,3725.828057
7.249973,23,3733.629786
7.191218,23,3743.588369
0.400393,9,3746.583987
-0.183171,4,3747.849769
1.293295,14,3753.486114
-0.914422,4,3755.609717
1.530769,10,3758.960353
-0.3701,6,3760.895273
1.782327,11,3764.478999
-0.382911,4,3765.88421
5.915143,24,3775.223867
5.894203,24,3784.604467
-1.067015,2,3785.253678
0.765453,7,3787.496832
0.626711,9,3790.480583
-0.93582,2,3791.069393
-0.927443,4,3792.25201
1.482783,9,3795.899247
7.423915,23,3804.433993
0.512571,6,3806.406154
-1.068999,2,3807.015065
6.561359,23,3815.757222
-0.01317,5,3817.354204
6.268213,23,3825.771361
8.498489,21,3832.896949
1.862824,12,3837.142344
7.796536,22,3846.225019
1.280875,10,3849.585562
1.301259,14,3856.324339
-0.564023,3,3857.34937
-0.757204,5,3858.993812
6.359475,23,3866.539606
-0.163891,7,3870.710484
-1.524779,4,3872.227869
6.705914,23,3879.866141
-0.02131,5,3882.246663
-0.73521,3,3883.980939
-0.191037,7,3886.670028
1.443118,8,3889.188652
5.937473,24,3897.846472
6.096161,23,3905.578692
6.68292,22,3914.211354
-1.236113,2,3914.939716
0.232997,8,3917.742395
-0.766565,5,3919.389473
-0.375048,4,3920.642337
6.505843,23,3930.000614
5.963066,24,3937.526366
-0.963958,2,3938.214595
0.710973,11,3943.427262
-0.891616,3,3944.402856
-0.732561,3,3945.404576
7.233481,23,3953.032095
0.251279,8,3957.336279
6.821293,22,3964.390947
1.036365,13,3969.648779
-1.065962,2,3970.742947
-1.385686,1,3971.351039
-0.007443,5,3972.879598
0.393673,6,3974.891531
0.246712,5,3976.445103
7.281188,22,3984.36081
8.202417,23,3992.322184
-1.068126,2,3993.039749
-0.369026,6,3995.048135
6.099955,23,4004.309447
0.211045,6,4006.159486
-0.914042,4,4007.410823
6.007135,23,4016.287426
-0.398233,7,4018.416362
5.98713,24,4027.372262
-1.391028,1,4027.969708
0.648096,8,4030.997764
6.252873,23,4038.589946
5.959947,24,4047.667772
1.252937,13,4051.856362
7.149581,23,4060.752022
5.917701,24,4068.954226
-1.387392,1,4069.450596
0.53102,11,4074.203138
5.95348,24,4081.838927
7.19981,23,4090.710376
5.98485,24,4099.731199
0.722239,11,4103.989816
-1.03476,4,4105.400962
6.094245,23,4113.9631
6.764772,23,4122.105942
-0.557326,5,4123.760568
-0.723896,4,4125.188295
0.861667,11,4130.638608
5.941045,24,4137.898146
-0.178914,5,4139.461479
-1.000303,2,4140.459368
6.514063,23,4149.533281
-0.528189,4,4150.804863
-0.181421,8,4153.245544
7.337428,21,4161.929226
6.047654,23,4169.020981
5.978409,24,4177.348623
3.095289,18,4183.126842
-0.303002,5,4186.165416
0.046293,9,4189.417536
6.578369,23,4196.720728
0.964178,11,4202.137264
-0.894374,3,4203.071803
5.906351,24,4210.383891
0.028729,6,4212.458566
-1.567046,2,4213.551671
-1.067866,2,4214.739722
6.089711,23,4222.354279
-0.237059,4,4223.674175
0.049348,9,4226.863126
-0.772405,5,4229.726316
-1.067009,2,4230.771518
-0.398041,7,4232.919344
-1.353889,1,4233.245653
7.233415,23,4241.059231
-0.791916,3,4242.929543
6.388943,24,4251.633803
0.251744,10,4254.757704
-0.764841,5,4257.164816
0.27182,10,4261.013946
-1.38708,1,4261.342911
6.322875,24,4269.158482
0.261165,10,4274.116509
0.033809,9,4276.887211
1.024559,13,4280.810214
7.122919,24,4290.52064
0.721458,11,4293.734505
-0.733013,3,4294.745312
4.660108,23,4304.036591
0.493955,11,4307.609058
5.893403,24,4317.274209
2.2463,17,4322.594915
4.458672,23,4331.481002
-0.730809,4,4332.723921
0.057196,9,4335.234257
0.259967,10,4338.04288
-1.065781,2,4338.630183
1.945631,16,4345.123872
5.979446,24,4352.767491
5.968563,24,4362.2972
0.511918,11,4365.686929
5.998128,24,4374.587095
-1.233304,2,4375.328663
2.366714,17,4380.94013
5.907961,24,4390.231308
7.218756,23,4397.435012
0.035473,9,4401.142267
7.2276,23,4408.987231
-0.925416,4,4410.348456
5.926721,24,4419.783789
-1.072868,3,4420.837545
-0.37857,7,4423.238661
6.252386,23,4432.023454
2.769409,17,4437.544078
-1.066434,2,4438.310315
0.772949,12,4442.717524
7.003149,23,4451.453906
3.573057,20,4458.967136
0.031752,9,4462.4646
2.885902,19,4468.036402
2.390419,16,4474.497571
7.221446,23,4481.645762
0.692081,10,4484.98729
0.507812,11,4490.476476
0.966475,12,4494.325705
-0.181036,5,4495.987818
7.231512,23,4505.21385
1.066373,13,4509.240614
5.998398,24,4518.768338
-0.570482,6,4520.672776
5.985752,24,4528.017911
0.054681,9,4532.784276
-0.743525,5,4534.413224
5.965051,24,4541.904866
5.960404,24,4551.121379
-0.180688,7,4553.382973
0.021443,9,4556.216097
-0.400387,7,4560.115389
7.203302,23,4567.982367
5.995713,24,4577.363377
7.187078,23,4584.921338
5.911801,24,4593.883417
-1.086434,3,4594.858855
0.045478,9,4597.607649
-1.064117,2,4598.248133
5.916854,24,4607.95522
5.899309,24,4616.941375
0.02093,9,4620.982413
3.389862,19,4626.875185
5.921982,24,4636.007119
-0.18695,8,4638.47326
-0.509385,5,4640.145109
5.989744,24,4649.611802
5.955542,24,4657.618426
-0.920044,4,4659.803478
6.303416,23,4668.215878
-1.385766,1,4668.538824
-1.22811,2,4669.190203
0.216157,6,4671.139822
-1.066587,2,4671.802265
7.039126,24,4681.625103
-0.380645,7,4683.899625
5.937032,24,4693.458148
5.951796,24,4700.921328
0.047709,8,4705.356619
-0.56219,6,4707.358504
2.582904,18,4713.350301
-1.064177,2,4714.035127
1.550479,14,4720.721813
2.856976,18,4726.46285
-1.082004,3,4727.489223
5.920697,24,4736.903714
-1.219364,2,4737.563346
5.964522,24,4745.227368
-1.385753,1,4745.846272
5.960923,24,4754.548778
-0.177873,8,4756.963858
7.162706,23,4766.237424
-0.408012,11,4769.805326
0.263802,9,4772.672214
7.250948,23,4781.668082
6.098716,23,4789.890592
-1.060281,2,4791.031374
7.22535,23,4798.413218
-1.389362,1,4798.752479
-0.365803,5,4800.412495
-1.225923,2,4801.074677
0.475276,10,4806.202626
0.272541,10,4809.261048
2.185312,16,4814.41336
5.938082,24,4823.869425
-0.166029,8,4826.516923
7.835569,22,4835.860282
-0.916011,4,4837.180845
-0.195939,8,4839.718202
1.647075,15,4844.668454
-0.757712,5,4847.353058
5.973678,24,4855.850971
0.256742,9,4858.744033
5.946414,24,4868.285326
5.99888,24,4877.618051
-1.071673,2,4878.577773
-0.720761,4,4880.004491
0.534928,11,4883.609297
-1.389694,1,4883.8988
0.257286,9,4886.681118
6.041822,23,4895.974011
1.034832,13,4899.724885
5.988074,24,4908.818651
-0.744648,5,4910.265421
5.936443,24,4918.331118
5.948378,24,4927.028556
-0.932666,4,4928.235525
0.766712,12,4932.563816
6.057526,24,4941.525604
0.263361,10,4944.479122
2.422941,17,4951.72405
-1.067743,2,4952.338383
5.922877,24,4959.593068
-1.384883,1,4959.91927
0.032959,9,4964.688314
5.937099,24,4972.382392
1.304247,14,4978.200689
0.043221,9,4981.137476
5.936953,24,4988.604771
5.934406,24,4998.159026
5.929779,24,5007.522255
1.027926,13,5012.01551
-0.391605,7,5014.368022
5.891228,24,5024.205957
5.923019,24,5031.478183
2.905335,19,5039.328335
-1.13117,2,5040.099202
-0.923734,4,5041.332761
-0.391468,7,5043.607368
5.947755,24,5053.021171
5.938124,24,5060.297299
5.977966,24,5069.874827
-1.07959,3,5070.791634
0.263538,10,5074.013654
5.923488,24,5083.292077
6.824659,24,5092.892008
-0.395884,7,5095.468854
0.794853,12,5099.235913
5.970875,24,5108.192683
5.979738,24,5115.709238
6.080944,24,5125.502832
1.395356,12,5129.354305
-0.163251,7,5131.596339
5.90576,24,5140.995145
0.500795,11,5144.802926
-1.226308,2,5145.468396
5.991707,24,5155.061104
-0.391259,7,5157.19904
-0.722541,3,5158.100838
5.894714,24,5167.822379
5.932333,24,5175.09966
0.29442,10,5180.467012
-0.587132,6,5182.445858
-0.363467,7,5184.766106
-0.39007,7,5186.91633
5.905028,24,5196.091932
5.963669,24,5203.454232
5.96176,24,5213.109418
5.99023,24,5221.941644
1.943465,16,5228.032714
0.298794,10,5231.10217
2.258216,17,5238.534962
1.619324,15,5243.069721
0.045899,9,5245.988857
5.994348,24,5255.867098
-1.386239,1,5256.251563
-0.401558,7,5258.585674
1.028832,13,5262.627317
5.942103,24,5272.252476
-0.564779,6,5274.240267
-1.084663,3,5275.273391
5.910145,24,5284.88214
-0.157294,8,5287.586427
5.90479,24,5297.406232
-1.226594,2,5298.03852
5.991258,24,5305.537035
5.920343,24,5314.991004
5.992935,24,5324.308769
0.042981,9,5327.486178
0.295867,10,5330.684399
2.881626,19,5338.356332
5.933012,24,5346.080302
-1.385853,1,5346.389305
-0.927581,4,5347.499826
1.627612,15,5354.029425
-0.921894,4,5355.356827
5.938059,24,5363.107298
5.96668,24,5373.035031
-1.02611,3,5374.110995
5.942055,24,5383.971246
5.982441,24,5391.577118
-0.933329,4,5393.115937
-0.744608,5,5395.80355
5.907542,24,5404.273316
5.953268,24,5413.776947
2.263234,17,5419.387065
1.045353,13,5425.082841
6.118001,24,5433.487932
5.935239,24,5442.847212
5.970221,24,5450.876275
-0.931107,3,5452.52077
0.760132,12,5457.066406
5.896369,24,5464.423685
-0.56137,6,5467.668671
7.002325,23,5475.236703
-0.367077,7,5477.361794
0.517266,11,5481.933071
-0.923629,4,5483.760709
-1.236591,2,5484.386483
-0.58555,6,5486.375084
-0.918632,4,5487.683829
-1.222537,2,5488.369058
5.904833,24,5498.195367
-0.374924,7,5500.565684
5.98544,24,5509.369153
0.491891,12,5514.554694
1.014422,10,5517.971288
-0.754751,5,5519.620478
3.071434,18,5527.394887
6.041605,24,5534.610914
-1.229207,2,5535.2503
7.236007,23,5544.665238
-1.637496,1,5545.026718
6.82438,24,5554.476719
0.284218,10,5558.170632
-0.921344,4,5559.559484
7.195451,23,5568.084915
0.056169,9,5571.582776
2.59599,18,5577.244836
7.000259,23,5586.47933
0.038737,9,5589.359629
2.256462,17,5595.188598
-1.222636,2,5596.285035
5.929123,24,5605.238495
1.936373,16,5611.889995
0.513532,11,5615.700974
7.227704,23,5623.232035
5.995788,24,5633.135842
1.887713,16,5638.917038
5.947487,24,5647.931401
-1.227778,2,5648.703394
5.911933,24,5658.138616
5.90235,24,5666.08037
5.935219,24,5675.633098
2.542947,18,5681.633175
5.942602,24,5690.587619
5.95295,24,5700.411694
5.141741,24,5708.591782
-1.084166,3,5709.530155
3.013922,17,5716.998254
2.90889,19,5722.809135
-1.392079,1,5723.16204
0.05267,9,5727.271135
-0.19133,8,5730.249931
0.730902,11,5733.886042
-0.564337,6,5735.842962
0.043003,9,5738.917437
7.187945,23,5747.562597
0.291412,10,5750.743831
7.004991,23,5759.789027
0.253911,10,5762.793808
2.940896,19,5769.788543
0.515402,11,5774.225077
-1.222184,2,5774.922319
5.941681,24,5784.081607
0.231566,8,5787.640565
-0.757583,5,5789.382027
5.926268,24,5798.525431
7.002517,23,5806.229831
-1.084936,3,5807.282794
-1.182727,4,5808.700362
-1.075397,3,5809.740746
4.066894,22,5818.569124
-0.72334,3,5819.527379
2.25506,17,5825.456125
-0.402375,7,5829.290682
2.216721,17,5834.784486
5.912085,24,5844.404968
5.995378,24,5851.528767
-1.383411,1,5851.85828
-0.928139,4,5853.219593
-1.219116,2,5854.132183
5.916443,24,5863.349019
5.992784,24,5872.837993
5.954348,24,5880.567788
-1.215305,2,5881.241591
7.004291,23,5890.159473
-0.582557,6,5892.189493
0.209669,8,5894.733392
-0.373353,7,5897.160928
-1.071233,3,5898.81611
-1.351655,1,5899.40252
-0.76332,5,5901.601471
5.995262,24,5909.28403
-0.714221,4,5910.677367
0.030945,9,5915.474293
-0.388567,7,5917.939522
7.945096,23,5925.099045
5.996288,24,5934.234658
5.908415,24,5943.420378
0.512258,10,5947.311683
5.900195,24,5956.179705
-0.892055,3,5957.89599
6.169855,23,5965.940161
-1.061395,2,5966.663962
7.393864,23,5975.922175
0.512876,11,5979.628631
6.160587,24,5989.085434
0.000477,5,5990.65697
-0.372266,7,5993.007032
6.139947,24,6002.673482
-1.262476,2,6003.37418
-0.384249,7,6005.776599
0.4989,11,6009.346241
-0.566524,6,6011.403522
7.800967,23,6020.921946
-0.712404,4,6022.257788
5.975146,24,6031.296413
6.144437,24,6039.430517
5.929368,24,6048.390087
5.901344,24,6055.629621
6.15214,24,6064.745271
6.798892,24,6073.608147
5.994545,24,6081.045818
5.936914,24,6090.679457
-0.757531,5,6092.224526
5.947128,24,6100.595517
-1.388857,1,6101.174939
5.903894,24,6108.750439
5.979076,24,6118.527816
-1.384099,1,6118.885723
5.946773,24,6126.892136
-0.752361,5,6129.645729
-0.969061,2,6130.76641
3.102607,19,6137.169227
-0.755372,5,6138.84611
-1.383216,1,6139.223455
5.934617,24,6148.275881
5.958777,24,6155.745712
1.622562,15,6162.453885
-0.173944,8,6164.79387
-0.922513,4,6166.152072
6.178626,24,6175.214208
5.89851,24,6182.75171
7.004666,23,6191.658256
-0.034364,7,6193.81477
7.004788,23,6202.234571
5.917441,24,6210.500581
-0.381208,7,6212.831554
5.910645,24,6222.476707
5.98541,24,6230.822827
-1.069448,3,6232.394084
-0.76365,5,6233.947388
-1.387671,1,6234.262018
5.932875,24,6241.439308
5.951328,24,6250.419666
5.931298,24,6258.645539
-0.175023,8,6262.45672
2.690322,18,6268.508908
5.898087,24,6277.954433
5.904586,24,6285.988887
5.982698,24,6294.851528
5.907965,24,6303.527076
-0.180175,8,6306.529641
4.447226,23,6313.861263
5.980387,24,6323.424663
1.90993,16,6328.438331
-0.586965,6,6331.574103
5.977195,24,6339.830098
5.904952,24,6349.333213
-0.912785,4,6350.607588
5.889965,24,6358.281155
-0.564282,6,6361.292778
2.91195,19,6367.512382
-0.756622,5,6368.947488
0.412823,9,6371.881559
-1.634703,1,6372.456856
-1.389383,1,6373.1219
-0.918699,4,6375.599205
1.633348,15,6380.788215
-0.192258,8,6383.306562
0.532877,10,6386.853858
-0.771291,5,6389.618816
0.036488,9,6392.915209
-0.187852,8,6395.381882
2.241613,17,6400.393515
0.264219,10,6405.540716
-0.7195,4,6406.892971
7.213109,23,6413.810616
1.03796,13,6419.775598
6.644672,24,6427.221866
-0.928876,4,6428.512307
3.074881,17,6435.903049
5.908597,24,6443.580571
0.254606,10,6448.690427
5.997864,24,6456.300612
5.897171,24,6466.068852
-0.763191,5,6467.655896
5.989389,24,6477.029863
5.927043,24,6484.806298
2.266933,17,6492.135124
5.900773,24,6499.750527
5.889591,24,6509.349833
-1.070611,3,6510.404912
-0.922369,4,6511.777781
5.991308,24,6520.909623
-0.75642,5,6522.548785
-0.770313,5,6524.135807
-1.392175,1,6524.449302
5.919671,24,6533.143945
-0.186774,8,6536.100216
2.259151,17,6541.108127
-0.749912,5,6542.675886
-0.184497,8,6545.572386
-1.22515,2,6546.587801
-0.367614,7,6549.74582
-1.219347,2,6550.331079
3.611615,21,6556.676958
-0.922299,4,6557.869902
-0.36826,7,6560.897883
-0.005959,8,6564.406949
-0.158422,8,6567.043863
5.905823,24,6575.901248
-0.17914,8,6579.223493
-1.077422,3,6580.169236
5.909169,24,6587.347447
-0.370901,7,6590.655143
-0.91436,4,6592.352829
5.935121,24,6599.940699
5.961537,24,6609.638653
3.673959,21,6616.378
5.889969,24,6625.885926
2.253271,17,6631.395373
5.952455,24,6640.847659
-0.33092,7,6643.062509
1.895213,16,6650.084054
0.539188,11,6653.582422
-1.018392,4,6654.911452
5.968484,24,6664.45158
-0.561051,6,6666.376184
2.580583,18,6671.633639
5.947042,24,6681.362573
0.256662,10,6684.441815
0.038297,9,6687.224275
0.691723,11,6692.730532
7.00374,23,6700.338598
2.623826,18,6707.894813
0.043123,9,6710.649909
-1.384961,1,6710.969883
0.233715,8,6713.592339
5.900883,24,6723.223976
0.275225,10,6726.163119
0.029453,9,6728.880706
5.937673,24,6738.265294
5.937541,24,6746.203519
-0.570962,6,6749.238788
-0.920324,4,6751.033435
5.970687,24,6758.703043
-0.188389,8,6761.982184
-0.193552,8,6765.558444
-1.080704,3,6766.436845
-0.585219,6,6768.171994
5.961555,24,6776.729427
5.998438,24,6784.703291
3.684477,21,6793.225525
0.063067,9,6796.015157
0.515982,11,6799.432971
-0.750089,5,6800.961444
0.042273,9,6804.126916
-0.581923,6,6807.652765
0.284111,10,6810.944921
2.589913,18,6816.690777
5.97869,24,6825.665623
5.91308,24,6833.896123
-0.57474,6,6836.958024
-0.395763,7,6839.322039
5.893455,24,6846.785329
0.519109,11,6852.208615
-0.928024,4,6853.554376
0.037131,9,6856.412004
-0.389305,7,6858.601997
-0.912077,4,6859.831718
0.268663,10,6864.64148
5.915984,24,6872.652802
-1.221904,2,6873.332233
0.032573,9,6876.614416
5.99669,24,6885.215845
2.068425,16,6890.957265
0.543733,11,6895.688837
-1.08417,3,6896.747476
-0.913455,4,6898.122909
5.935926,24,6907.201608
-0.395081,7,6909.929444
-0.696113,5,6911.589313
5.992075,24,6919.909113
-0.921783,4,6922.082292
-1.391823,1,6922.744111
5.923925,24,6930.134867
-0.584039,6,6932.007483
3.65883,19,6940.188305
0.043732,9,6943.308185
5.97355,24,6953.093622
5.903758,24,6960.637047
3.095588,19,6969.067063
2.229263,17,6974.378303
0.023835,9,6978.205083
-0.190141,8,6981.851092
5.965202,24,6988.540479
-0.920063,4,6989.933871
-1.225989,2,6990.654188
-0.032227,7,6994.780076
0.49955,11,6998.616144
-0.591481,6,7000.640021
6.067613,24,7010.16523
-0.392242,7,7012.368672
-0.578802,6,7014.335467
0.05571,9,7017.031851
-0.380813,7,7019.237723
6.195605,24,7028.737268
-1.234864,2,7029.472484
1.303771,14,7034.223798
5.945077,24,7043.695626
0.032391,9,7046.502825
5.923271,24,7055.518892
-0.173152,8,7058.147376
0.025035,9,7060.77992
7.23722,23,7070.617528
-0.194885,8,7073.407507
3.459231,20,7081.50761
-1.636075,1,7081.903506
-0.747867,5,7083.547685
-1.226509,2,7084.194981
5.900646,24,7091.649274
-0.376978,7,7095.413692
5.937137,24,7103.149142
5.947744,24,7112.928408
-0.559957,6,7114.813361
-0.914511,4,7116.003339
7.003946,23,7124.673623
0.491014,11,7128.337379
-1.315722,1,7128.653028
7.190893,23,7136.562888
-0.924906,4,7138.765189
-0.761457,5,7140.52263
-0.748528,5,7142.180427
2.00146,15,7146.922249
-0.912484,4,7148.325909
5.894636,24,7157.613323
6.354103,24,7166.579995
6.09943,23,7173.96198
-1.080591,3,7174.870041
0.02429,9,7177.981315
-1.061999,2,7179.110358
-0.744261,5,7181.78747
-0.564571,5,7183.368158
0.265962,10,7186.434103
-1.222105,2,7187.157189
-0.911586,4,7188.398366
2.209921,17,7194.759639
0.531888,11,7198.813618
0.056167,9,7201.697993
-0.395877,7,7204.201036
5.919526,24,7213.951311
-1.223271,2,7214.616175
6.129234,24,7223.712395
-0.585701,6,7226.061867
-1.08172,3,7227.010571
5.946042,24,7234.202155
0.192087,9,7238.694269
2.942381,19,7245.118508
-1.411953,5,7246.670194
-0.160902,8,7249.132579
-0.751639,5,7251.82847
5.93955,24,7260.684008
-1.079102,3,7261.773401
3.128676,19,7270.036596
-1.389981,1,7270.390762
7.183663,23,7277.307817
5.996457,24,7286.250938
6.151216,24,7294.477794
-0.56208,6,7297.286344
5.936054,24,7304.983046
2.549418,18,7312.441571
-0.164999,8,7315.017108
5.939239,24,7323.987082
5.95605,24,7332.303466
5.963632,24,7341.452586
5.941962,24,7348.701877
0.796423,12,7354.241425
-0.157973,8,7356.738565
0.165415,8,7359.36499
5.8912,24,7368.059945
-0.1622,8,7371.048553
5.94912,24,7378.823913
5.959773,24,7388.041934
0.290281,10,7391.299641
5.957688,24,7400.823933
-1.080185,3,7401.857502
-0.922737,4,7403.303192
-1.324031,3,7404.352266
5.95733,24,7413.729799
7.175107,23,7420.939699
5.960643,24,7430.26406
1.616798,15,7434.670146
7.005454,23,7443.794405
5.901775,24,7451.904716
-0.920115,4,7454.190069
0.79497,10,7457.725082
0.538992,11,7461.108155
-0.757559,5,7462.649808
0.049213,9,7466.160252
7.20725,23,7474.486593
5.972478,24,7483.461444
-0.756934,5,7485.134265
-0.593927,6,7486.985707
1.846591,15,7491.540062
5.958899,24,7501.085025
-1.259947,1,7501.38967
-1.39225,1,7501.747188
-1.124544,2,7502.38046
6.202288,24,7512.012327
6.844788,24,7519.606114
6.046041,24,7529.340575
-0.379121,6,7531.400955
7.392408,23,7540.375969
1.265249,13,7545.150569
-0.19618,8,7547.78637
0.28016,10,7550.683465
-0.764028,5,7552.876799
0.023254,9,7556.882226
-0.564677,6,7558.715425
1.31202,14,7563.088772
5.936229,24,7572.27932
-1.073519,3,7573.244866
0.748939,12,7577.075255
7.149492,23,7586.591061
7.32085,24,7593.780816
5.975645,24,7602.894832
-1.221802,2,7603.599491
5.906727,24,7613.397879
5.92762,24,7620.975811
7.252819,23,7630.078286
5.983286,24,7639.160931
1.240683,13,7644.313136
5.947657,24,7652.222189
5.913711,24,7661.558324
0.034129,9,7664.534985
0.498881,11,7669.369841
5.94566,24,7677.920779
7.238965,23,7687.070324
5.947084,24,7694.95955
-1.388536,1,7695.353572
1.81395,15,7701.828907
0.492557,11,7705.449249
-1.228929,2,7706.18734
1.066568,9,7709.213604
-1.082847,3,7710.745763
-0.948864,2,7711.886833
-0.271736,6,7714.859314
5.268812,24,7722.794644
-0.722297,4,7724.078664
-0.752758,5,7726.520932
0.015532,6,7728.909439
0.258243,10,7731.998256
5.904546,24,7741.059433
0.015309,7,7744.080902
0.668399,9,7747.110455
1.245794,10,7750.246202
-1.227446,2,7750.923023
-0.18427,7,7753.669563
5.896862,24,7762.578617
7.318679,23,7771.519188
2.369889,16,7776.424807
2.585189,18,7782.288164
7.252285,23,7790.99612
6.569399,23,7799.452397
0.493143,11,7803.073137
-0.744165,5,7804.604225
-0.526732,4,7805.954295
-0.564197,6,7807.869772
-0.729458,4,7809.207348
5.908081,24,7818.577432
4.439538,23,7827.104728
0.373932,6,7829.744207
-0.733949,3,7830.687463
-0.918805,4,7831.888332
7.004766,23,7839.507156
0.713846,11,7844.703727
1.923491,16,7849.591748
5.359732,23,7859.201212
7.604779,22,7866.320786
-0.768558,5,7867.964375
5.930596,24,7877.063834
5.944628,24,7886.424422
6.075878,23,7893.517563
-1.083124,3,7894.461386
0.722968,11,7898.818526
6.10711,24,7907.300855
5.959095,24,7916.250407
6.015824,23,7923.216519
-0.926556,4,7924.515379
0.251656,8,7928.868417
5.92377,24,7937.343862
6.720077,23,7946.497345
7.154291,23,7953.818663
3.563691,15,7960.62559
-0.359615,4,7961.942038
0.791004,12,7965.75929
-1.083239,3,7966.770415
0.43211,8,7970.119498
0.019521,8,7973.696086
7.197713,23,7981.014368
3.302089,18,7988.589989
1.653624,15,7993.200101
-1.385629,1,7993.542395
-0.749932,5,7995.220234
6.999974,23,8004.075718
6.050493,23,8011.952304
-0.360004,5,8014.716556
-1.064475,2,8015.876483
-0.874736,2,8016.512484
3.632774,21,8023.894031
-0.75908,5,8025.42663
-1.061661,2,8026.190547
-0.870343,2,8027.387653
5.976554,24,8036.330452
0.76923,8,8039.057716
6.123722,23,8048.304444
0.712683,6,8050.237506
5.989191,23,8059.353894
-0.548775,5,8061.019604
-1.388776,1,8061.369886
5.969684,24,8068.925649
3.234822,19,8077.027275
-0.364132,4,8078.352993
-0.554456,5,8080.05643
1.875668,15,8085.383823
5.971047,24,8093.851055
2.025313,23,8102.989304
1.01369,13,8107.245856
-0.168878,7,8109.563662
-1.062527,2,8110.256255
-0.89249,3,8111.285215
0.653103,8,8115.250852
-0.374348,4,8117.13722
-1.066202,2,8117.769842
6.108439,23,8125.139982
-0.731902,4,8126.392613
5.925278,24,8135.335335
-0.312941,5,8137.014841
-0.588279,6,8138.951723
-0.372002,4,8140.320878
-0.382751,7,8144.181299
3.321427,20,8150.877459
-1.073385,3,8151.821765
0.752428,11,8155.300494
6.091182,24,8165.221857
-1.064983,2,8165.886131
0.005545,5,8167.559506
2.957607,19,8175.540155
-1.071445,2,8176.137066
-1.067814,2,8176.770297
1.012896,13,8181.237484
6.53745,23,8190.744984
5.90732,24,8198.405296
6.555407,23,8207.87101
-0.922232,4,8209.15439
0.719311,10,8212.452903
4.348496,22,8220.962584
6.105016,23,8229.504324
-0.002393,7,8232.626903
2.954409,17,8238.158316
-0.540449,4,8239.387894
-1.387532,1,8239.750869
0.207699,6,8241.57972
5.947501,24,8250.58879
-0.884897,3,8251.594993
-0.578253,6,8253.702453
1.624242,15,8260.259044
5.981689,24,8267.690477
5.374373,23,8276.835349
-1.064883,2,8277.440773
0.258013,10,8280.700481
7.193754,23,8289.590673
5.910053,24,8297.210912
6.118929,24,8306.518646
6.202387,23,8314.473898
-0.560262,5,8317.236266
1.022747,13,8321.728509
1.937377,16,8326.947264
5.923792,24,8335.8664
6.153363,24,8344.428657
-0.163444,8,8347.90058
-0.592939,6,8349.907014
-1.06677,2,8350.550481
-1.079614,3,8351.614585
6.078328,23,8360.676857
-0.75333,5,8362.301984
2.96226,19,8368.211241
6.103075,23,8377.044952
5.918051,24,8384.879584
7.199962,23,8393.987796
-0.375661,6,8395.917961
-0.894228,3,8396.982641
2.602086,18,8404.621237
0.223617,8,8407.201846
4.047309,24,8415.497824
6.064019,23,8424.29008
1.35657,14,8429.423213
-0.162388,8,8433.246967
1.093116,11,8436.681987
3.687859,18,8442.110191
-0.75202,5,8444.467468
5.92096,24,8452.474271
5.954969,24,8461.479014
0.246291,9,8464.252875
1.928989,16,8469.351432
1.937144,16,8476.361363
-0.178236,8,8478.918279
5.99391,24,8486.867221
6.546085,23,8495.231305
-1.080981,3,8496.188846
3.273313,23,8505.358923
0.259885,10,8508.345694
-1.388942,1,8508.660208
-1.080233,3,8509.593448
-1.633675,3,8510.622602
-0.530528,4,8511.965113
-0.887109,3,8512.895056
-1.087013,3,8513.835009
-0.715428,4,8515.249955
-1.073079,3,8516.701371
-0.762519,5,8519.215463
0.482488,9,8522.317455
3.099899,18,8528.04054
1.888382,15,8534.503181
-0.403815,7,8536.67534
1.944131,16,8541.500252
-0.195524,8,8544.288713
6.102117,24,8553.186467
-1.027256,2,8553.879568
-0.755336,5,8555.544818
-1.076317,3,8556.558432
1.999347,14,8562.942502
5.939038,24,8570.229718
6.278591,24,8579.921001
5.956781,24,8588.349491
6.113146,23,8596.694316
5.909058,24,8606.251809
-0.170543,8,8608.763522
-0.927153,4,8610.081557
-0.23615,7,8612.437526
5.986915,24,8621.91079
-0.576599,6,8623.681527
3.094477,19,8629.759628
5.999782,24,8638.911067
-1.077132,3,8639.879493
5.989562,24,8649.090903
-1.22436,2,8649.764465
2.702969,18,8655.780419
0.515505,11,8659.52099
6.059232,23,8667.966218
5.914274,24,8677.360895
0.494124,11,8681.020445
7.005708,23,8690.050901
5.920008,24,8698.36141
-0.405974,7,8700.71782
0.543654,10,8705.99234
6.16381,24,8713.407249
7.12972,23,8722.86378
0.257219,10,8725.799865
-1.227187,2,8726.340262
5.9671,24,8735.628305
-0.574268,6,8737.638699
-0.364358,6,8739.560875
-0.752155,5,8741.179574
2.955538,19,8749.167044
4.663042,21,8755.961099
-0.183619,8,8758.418784
0.028619,6,8761.275399
5.946404,24,8769.876642
0.96113,11,8773.450132
-1.38707,1,8774.106719
5.950539,24,8783.477669
6.312219,24,8793.210472
-0.757077,5,8794.818827
5.979257,24,8803.61085
7.255213,23,8812.308684
2.395392,16,8818.185527
-0.723297,4,8820.366166
6.314858,24,8828.533823
5.905528,24,8838.107405
0.474978,10,8841.393462
2.271394,17,8847.927636
7.418463,23,8856.364273
5.974063,24,8866.209824
0.057522,9,8869.247064
-1.318262,1,8869.584702
-1.393638,1,8869.904031
0.282232,10,8872.874944
7.004113,23,8882.219204
2.289884,17,8887.442167
1.065071,13,8893.337063
-1.385972,1,8893.68443
-0.747703,5,8895.360384
7.000184,23,8902.501825
1.64477,15,8909.406942
-0.930035,4,8910.679591
0.869951,11,8914.405855
6.113227,24,8923.793956
5.961333,24,8931.398095
-0.753606,5,8933.417207
0.054589,9,8937.518016
5.943426,24,8945.301055
1.900006,16,8952.26068
5.975483,24,8959.831018
0.06159,9,8964.263595
-0.395834,7,8966.998833
-0.19764,8,8969.715234
-0.757822,5,8971.318311
5.94733,24,8980.482979
-0.933192,4,8981.818575
-1.390766,1,8982.157936
-0.194243,8,8984.920266
1.521662,14,8989.593967
5.989929,24,8998.573014
5.957958,24,9007.905534
-0.751167,5,9009.778335
6.082673,24,9017.919544
-1.124901,2,9018.74372
0.748912,12,9024.237503
-1.394106,1,9024.580161
5.918595,24,9031.957879
-0.174586,8,9035.944845
-0.531964,4,9037.813273
5.934992,24,9045.127337
0.495048,11,9049.721401
5.927168,24,9057.837575
6.170107,24,9067.220006
5.925141,24,9075.306914
0.021944,9,9079.850707
6.483004,24,9087.373901
0.272328,10,9091.059549
3.445689,19,9099.037474
5.934595,24,9107.447299
5.998505,24,9115.496901
0.488481,9,9118.502846
5.93799,24,9127.589772
2.279915,17,9132.877828
7.003788,23,9141.745488
-0.929865,4,9142.975882
-0.271038,6,9144.973844
0.526059,11,9148.949949
5.932979,24,9158.186479
2.275431,17,9165.00068
-0.171966,7,9168.058056
6.999985,23,9175.345156
-0.180098,8,9178.785475
5.93437,24,9187.446317
5.982065,24,9197.03675
-0.767148,5,9198.632045
5.972877,24,9206.533347
-0.965842,2,9207.611409
0.050299,8,9211.067469
6.264776,23,9218.445656
1.138493,10,9222.819143
-1.385317,1,9223.330767
0.024798,8,9226.425692
0.904284,10,9229.918242
-0.926985,2,9230.593522
-1.045668,2,9231.292248
-0.75817,5,9232.921133
5.903413,24,9242.695533
0.027488,8,9245.227675
2.077167,16,9250.867418
-1.065296,2,9251.877234
-1.062766,2,9252.988529
-0.186236,7,9255.348207
-0.885607,3,9256.381341
0.066398,9,9259.398183
6.257,23,9269.117193
0.803745,12,9273.020818
-0.181431,8,9275.698888
-0.915498,4,9276.940444
7.255376,23,9285.602459
5.925999,24,9294.353692
2.042144,16,9299.913491
-1.078838,3,9300.865649
6.6943,24,9309.793395
-1.069397,2,9310.909936
-0.189396,7,9313.258269
-0.562116,6,9315.325475
5.967487,24,9325.637248
5.927747,24,9333.336917
6.109536,23,9342.780631
2.560619,18,9348.484166
-0.190406,8,9351.828233
0.522042,11,9356.473129
-1.065614,2,9357.126035
7.232716,23,9364.061554
6.13312,24,9374.031793
1.576211,14,9378.830489
-0.893741,3,9380.623304
-0.881511,3,9382.35691
0.686023,10,9385.805861
7.200927,23,9392.965252
-0.165295,6,9396.141803
0.474208,9,9399.928626
-1.386178,1,9400.288046
1.007779,10,9403.771003
6.42974,24,9413.385417
0.012957,7,9415.737008
0.516041,11,9419.350231
-0.559778,5,9420.926066
0.405648,10,9426.310964
7.194095,23,9434.01516
6.179916,24,9443.728118
5.891793,24,9452.38794
0.162238,9,9456.545621
6.334131,23,9464.312114
5.983401,24,9474.079941
-0.356357,6,9476.010257
-1.250731,16,9482.500728
0.016487,13,9487.209634
-1.068642,2,9487.843678
5.902662,24,9496.463534
5.98221,24,9505.193865
0.047086,8,9507.599004
0.235594,9,9512.482975
7.188876,23,9519.681847
7.202861,23,9529.346315
-0.369592,6,9531.31555
-0.570969,6,9533.310076
-0.963593,2,9534.051627
2.821892,16,9540.653112
-1.063202,2,9541.721531
6.646627,23,9549.112658
-0.369327,4,9550.340683
-0.859067,17,9558.168555
5.696007,23,9565.741112
6.279409,23,9574.773774
-0.934292,3,9575.811663
-0.360063,6,9577.746023
-0.970601,2,9578.406575
2.847587,18,9586.229023
-1.062565,2,9586.872416
-1.066416,2,9587.524801
-1.069744,2,9588.137387
4.550327,16,9593.252525
-0.359468,6,9595.333064
-1.067354,2,9596.663613
1.7509,14,9602.358139
-0.365431,4,9603.7112
1.618175,9,9606.683607
7.591491,21,9615.025677
0.780898,12,9619.017228
5.709853,23,9628.520463
7.911125,22,9636.077746
7.580551,21,9644.646513
5.434452,15,9649.662753
1.314662,5,9651.376575
0.382782,6,9653.922009
-1.256844,1,9654.513844
-0.722751,3,9656.254423
5.65625,17,9662.182471
-1.067612,2,9662.886828
5.990502,24,9672.573891
-1.062043,2,9673.210257
6.317834,23,9680.830333
0.306013,9,9685.350016
6.315636,24,9693.605825
7.939567,19,9701.584162
6.499767,23,9708.998523
5.981457,24,9718.542758
7.593905,21,9726.105394
0.392893,6,9729.42206
2.293096,9,9732.314887
0.580492,8,9734.946121
-0.009883,5,9736.635484
-1.470581,3,9737.699472
-1.081753,3,9738.856364
6.643422,22,9747.680843
-1.072859,2,9748.28546
2.3885,13,9752.420496
5.900674,24,9761.929391
-0.168168,5,9763.596991
-0.880713,3,9764.76726
-0.003983,5,9766.407066
6.935066,22,9776.020138
5.023394,16,9781.642764
2.953603,10,9787.080266
0.392136,6,9789.197516
1.613129,9,9792.260486
8.359372,21,9801.080233
6.343639,23,9809.384955
6.669195,22,9818.493027
6.309963,23,9826.13614
-0.011235,5,9829.100073
0.387313,6,9831.738362
0.382528,6,9833.877231
0.523866,11,9837.658642
-1.387004,1,9838.009406
8.311569,21,9847.209354
7.15708,21,9854.07467
2.819361,16,9861.081658
6.905313,22,9868.615252
-0.376602,4,9870.484625
-1.069712,2,9871.825618
6.085195,23,9880.259979
-1.067948,2,9880.963873
7.972991,19,9889.78138
7.208554,23,9897.456046
-1.059544,2,9898.132885
4.368081,15,9904.926758
0.773628,7,9907.241683
0.368516,6,9909.182133
-0.011898,5,9910.949133
-1.065278,2,9911.682399
-0.009096,5,9913.924059
-1.390119,1,9914.578271
6.770644,23,9923.476838
-0.374093,6,9925.511895
0.720543,11,9930.73385
-0.003504,5,9932.986128
5.079499,16,9938.478969
-1.064112,2,9939.176944
7.317373,23,9949.195787
-0.307747,4,9950.46038
2.051666,10,9954.039272
-0.915785,4,9955.585844
0.677743,6,9959.132286
1.023545,8,9962.527844
0.016062,5,9964.172178
1.684927,9,9967.258477
-0.938567,2,9967.932196
8.495557,21,9976.792198
-1.070304,2,9977.530138
-1.064694,2,9978.220532
-1.059247,2,9978.932029
0.381791,6,9980.933449
7.980552,20,9989.604104
0.786428,7,9991.80783
6.071741,23,9999.536454
6.028528,23,10009.04511
-1.065534,2,10009.778845
0.526613,11,10013.337839
6.338501,23,10023.10158
0.628392,8,10025.88097
8.148577,21,10034.788977
-0.183495,8,10037.40558
7.24546,23,10047.202715
6.253231,23,10054.728376
-0.766351,5,10056.362642
0.663693,8,10060.426789
-1.062126,2,10061.735118
0.279018,9,10065.098616
3.05514,12,10069.391436
0.795236,7,10072.108602
1.732203,13,10078.073469
5.974338,24,10086.132691
0.003548,5,10089.155686
7.204901,23,10097.472328
-1.06944,2,10098.154714
0.17792,5,10099.886954
5.902921,24,10110.043032
-0.16608,8,10112.904545
1.836611,15,10120.123641
-1.387018,1,10120.490947
2.950912,19,10126.998014
0.71191,11,10131.536132
6.298891,23,10139.89954
6.535487,23,10149.324701
8.012871,22,10156.809232
6.340786,23,10166.266106
-0.736044,3,10167.351351
1.206812,8,10170.218107
-0.378335,4,10171.680884
6.321771,24,10182.225801
-0.02126,5,10184.015028
-1.06349,2,10184.785048
1.221294,8,10187.950188
-0.72262,4,10190.288343
-0.369072,4,10192.016384
1.209885,8,10194.579976
5.904802,24,10203.210849
-0.364616,4,10205.616873
4.595574,16,10211.003197
0.511921,11,10214.413543
0.373325,6,10216.919328
-1.071981,3,10218.749915
-1.074373,2,10219.94621
3.488933,18,10226.576864
0.749023,7,10228.963836
-0.253605,4,10230.358721
0.02451,6,10234.0518
7.221809,23,10241.937297
-1.067581,2,10242.616342
1.201176,8,10245.581059
-0.021778,7,10249.422708
-1.38575,1,10249.792176
-0.168057,7,10252.23266
6.040165,24,10260.707801
0.214661,6,10263.938209
0.063241,8,10266.485145
0.740157,11,10270.127386
5.81108,23,10279.536315
2.217195,11,10283.256649
-1.066092,2,10283.987286
-0.729662,3,10284.993567
3.336406,18,10293.057278
-0.582748,6,10294.939417
3.528683,13,10299.310262
-0.014058,5,10301.034021
-1.061325,2,10301.668875
5.43484,22,10310.708052
0.372951,6,10312.726145
7.601506,21,10321.787404
-0.176224,8,10324.499656
7.904678,19,10330.763845
5.990499,24,10340.567706
5.09433,16,10346.157573
-0.1908,7,10350.276665
-0.310735,4,10351.688063
0.366136,6,10353.838751
1.188611,8,10356.459268
0.020408,7,10358.929846
-1.072064,2,10359.738545
-0.239825,4,10361.670106
4.062881,14,10367.635506
5.902682,24,10376.23117
1.996104,9,10380.552867
-0.240519,4,10381.940765
-0.231579,4,10383.382181
-1.385344,1,10383.779984
1.521025,10,10387.259956
3.371787,13,10393.934159
6.745254,23,10401.971664
-0.721542,3,10402.969446
-0.016671,5,10405.440233
5.944589,24,10414.435547
0.17879,7,10416.981872
-0.936073,2,10417.687032
6.290293,23,10426.984226
-0.381996,4,10428.26902
3.395709,19,10436.452835
-0.733734,3,10437.560943
-0.736117,3,10438.437926
0.768213,7,10440.846241
0.781896,7,10443.144821
-1.060577,2,10443.846344
0.026112,7,10446.201631
-0.918894,4,10448.077725
-0.365498,6,10451.303266
0.034305,6,10453.272022
-1.066027,2,10453.966821
-1.255866,1,10454.308416
-0.019394,5,10455.915684
0.690961,10,10459.130884
1.046346,13,10464.867975
0.033119,9,10468.207456
1.925278,16,10473.507043
-0.350075,4,10474.866325
4.792224,19,10483.159221
7.001146,23,10491.141138
8.049781,20,10499.397679
7.20418,23,10508.222301
2.606456,11,10512.136448
-0.00595,5,10513.770358
6.672477,22,10523.266244
-0.401043,5,10525.013858
0.052656,5,10526.821241
5.919711,24,10535.295631
-1.066927,2,10536.459101
-0.382049,4,10538.364431
-0.380471,7,10540.837308
5.966689,24,10549.148901
5.944417,24,10558.421847
6.669656,22,10567.677573
7.916962,19,10573.826136
0.359012,6,10575.82801
6.035455,24,10585.76495
-0.175356,4,10587.13723
0.566258,7,10589.363329
6.508761,23,10598.690084
-0.892786,3,10599.743929
0.021097,7,10602.160029
3.139413,13,10607.372872
3.910194,21,10615.762151
7.409461,23,10624.618999
7.141227,21,10631.37782
5.953117,24,10641.387924
-0.968028,2,10642.12932
3.084239,12,10646.223253
6.104601,23,10655.887045
-0.876131,2,10656.569981
-1.371957,1,10656.936439
-1.386832,1,10657.273371
7.438811,23,10666.468662
2.062149,10,10670.377119
7.417507,21,10678.157426
2.395094,15,10685.165166
-0.186949,4,10686.543162
-0.97177,2,10687.210871
7.989167,22,10695.347484
-0.929794,4,10697.268895
0.014248,6,10699.261764
7.904007,19,10705.645154
7.208732,23,10714.978002
-0.39859,7,10717.471114
-1.38657,1,10717.835248
8.342501,23,10727.485951
-0.163651,4,10728.822782
7.112426,22,10736.201725
7.200661,23,10745.749378
7.023745,22,10754.850805
0.901002,10,10758.464345
1.057448,10,10761.684372
0.94232,11,10766.264621
6.52173,23,10774.805839
-0.726282,3,10775.847449
-1.05054,2,10776.534348
-0.383975,4,10777.868855
3.41574,19,10786.276402
-0.18799,4,10787.66442
0.038196,9,10790.734528
0.848478,8,10793.790679
-1.061291,2,10794.924623
-0.177493,7,10798.445626
7.803931,22,10805.978553
7.988336,22,10815.228507
-0.160954,8,10817.701442
0.005053,5,10819.496855
0.045169,7,10822.060677
1.136386,10,10827.235156
0.386468,6,10829.407157
1.283854,9,10832.499582
-1.193172,1,10832.898068
-1.062174,2,10833.597271
0.766019,7,10836.095623
6.345396,23,10845.611364
5.913809,24,10855.115808
-0.381168,4,10856.549209
-0.158711,6,10858.61941
0.770629,7,10860.883587
1.365239,11,10864.346604
7.807549,22,10873.138087
-0.732908,3,10873.967024
0.260789,10,10876.955376
-0.922869,4,10878.281539
3.563063,17,10885.784338
-0.725724,3,10886.871114
0.902081,7,10889.469086
6.640336,22,10898.531457
0.001352,5,10900.376569
-0.9225,4,10901.800143
7.55467,22,10910.407343
7.816659,22,10918.488987
7.245157,23,10927.931315
6.15535,24,10935.720449
-0.72673,3,10936.624661
6.034351,23,10945.535381
-0.546842,5,10947.132679
7.828721,22,10955.731465
2.230547,10,10959.197878
-0.38459,3,10960.241518
0.234779,7,10962.584634
0.001199,5,10964.291354
0.650227,8,10967.58692
-1.386023,1,10968.148399
-1.389184,1,10968.817119
7.42718,23,10976.879669
6.589516,23,10986.300808
-1.065556,2,10986.908904
3.627046,17,10992.177595
7.213944,23,11001.638931
5.981952,24,11009.124855
-0.969,2,11010.152882
0.767814,7,11013.99085
3.084183,17,11019.645442
-1.077559,3,11020.692525
7.625884,20,11029.592873
5.988065,24,11037.681236
-0.878643,2,11038.581441
6.148646,24,11048.705438
7.202255,23,11058.472153
8.350238,23,11066.295228
-0.685389,17,11073.678292
3.371193,19,11080.012308
7.246497,23,11089.752346
0.275613,10,11092.936397
0.751694,12,11097.719197
-0.924831,4,11100.281673
6.580257,23,11108.078983
-1.065465,2,11108.779398
-0.369511,4,11110.072388
-1.260876,1,11110.424861
7.810663,22,11119.51285
7.410204,23,11128.188861
0.441978,8,11131.434473
-0.379164,4,11132.88887
-1.061693,2,11133.487031
-0.884405,3,11134.478041
6.844887,22,11143.226593
0.442005,8,11146.106274
-0.407823,7,11148.316998
-0.927789,4,11149.688752
-1.227787,2,11150.434956
-0.568285,6,11152.396282
5.936149,24,11162.290665
0.59077,10,11166.048257
-0.735889,3,11167.08472
1.934888,16,11173.970978
1.589548,11,11177.479176
6.277278,24,11187.494767
-0.170185,8,11190.320296
0.231587,9,11193.120774
5.971223,24,11202.345233
6.16269,24,11210.562265
0.690047,9,11215.251444
6.584656,23,11223.26716
5.898339,24,11232.781829
6.339874,23,11239.945896
7.405738,23,11249.150175
-1.228261,2,11249.842357
0.233116,8,11252.761615
0.48233,9,11256.453949
-0.964204,2,11257.677614
7.586349,23,11265.701707
0.659597,8,11268.141112
0.204214,9,11272.293452
-0.359307,5,11274.459276
-1.386086,1,11274.79096
-1.068564,2,11275.379319
6.360476,23,11282.559921
-0.567784,6,11285.1694
-0.159054,7,11288.720232
5.957287,24,11296.177724
1.828559,15,11303.125973
-1.388034,1,11303.48911
-0.753791,5,11305.18132
0.080242,5,11306.805311
-0.175545,6,11308.719476
-0.723198,4,11309.991911
6.293797,23,11319.324526
6.124019,24,11327.670424
5.925795,24,11337.240131
-1.068226,2,11337.889643
4.415579,22,11347.191839
-1.062387,2,11347.893274
5.985079,24,11355.521648
-0.301155,4,11357.431236
-0.72702,3,11359.205326
0.367935,6,11361.659605
8.77418,20,11368.236627
-0.372167,7,11370.798676
-1.065481,2,11372.047172
5.951861,24,11381.24143
0.43494,7,11383.536215
6.041768,23,11393.263776
5.984799,24,11402.293221
-1.069273,2,11403.480309
0.281591,9,11406.465589
-1.064876,2,11407.068649
6.09756,24,11415.667793
2.789182,18,11422.426173
-0.994341,2,11423.123559
0.506285,10,11426.18898
2.66964,11,11430.96622
6.075732,23,11438.444148
6.055886,24,11448.043541
-1.388879,1,11448.384947
7.750973,23,11455.806361
1.295689,14,11462.284831
-0.165665,4,11463.563727
-1.064373,2,11464.222566
0.790845,7,11466.416893
-1.061957,2,11467.065708
6.060508,23,11476.819636
0.033591,8,11479.518169
0.963872,11,11483.25423
-0.009983,5,11484.998019
7.412296,23,11494.05378
0.22666,7,11496.241573
-0.871695,2,11496.908908
7.38279,21,11506.140175
2.863597,16,11511.396588
7.153682,21,11520.094814
7.374137,23,11527.627999
6.654651,22,11536.560292
7.951583,22,11544.459921
-0.183551,7,11548.109944
-1.071227,2,11548.718104
0.059827,5,11550.317849
-0.997944,2,11550.998039
6.150486,24,11561.068798
-1.069132,3,11562.595788
-0.372973,4,11564.120743
6.514579,23,11571.643137
5.920158,24,11581.480752
0.650444,8,11584.055934
2.060149,10,11587.602907
-1.225146,2,11588.735513
-0.27154,6,11591.666468
6.178124,24,11599.44509
0.982703,11,11604.556595
5.901953,24,11612.973216
6.343726,23,11622.583217
0.370279,6,11624.605895
2.38571,11,11628.257715
7.378839,22,11637.457237
-0.970271,2,11638.15894
-0.993902,2,11638.874278
7.374814,23,11647.42816
1.089792,9,11650.841212
-0.729996,3,11651.852118
-0.015007,5,11653.62045
0.771179,7,11656.071282
8.314628,21,11664.754366
-0.375834,4,11665.975507
3.633731,18,11671.524024
-1.07305,3,11672.572239
2.436648,16,11679.284135
-0.186976,7,11681.645045
0.861874,9,11684.690848
-1.015599,2,11685.433904
7.245406,23,11694.939333
0.762133,7,11697.172646
-1.067683,2,11697.747573
7.215297,23,11706.967368
1.614234,9,11709.656946
0.030044,8,11712.374938
5.951993,24,11722.215444
-0.717308,4,11723.488895
0.768162,7,11725.780646
-1.068696,2,11726.490725
-1.000307,2,11727.18612
7.836964,22,11735.751875
2.534505,11,11739.157703
7.912976,19,11745.438602
0.369395,6,11748.504326
6.043547,23,11756.549857
-0.887898,3,11757.534423
-1.067953,2,11758.240122
-1.069286,2,11759.006583
7.973911,19,11766.94471
0.783398,7,11769.271723
7.108043,22,11778.128587
-1.065821,2,11778.850967
2.698194,10,11782.240054
0.233182,8,11784.905779
6.313278,23,11794.242076
7.422007,23,11801.411089
5.989373,24,11811.179919
-0.360547,6,11813.322584
5.943148,24,11822.791096
-0.367917,4,11824.061962
6.306962,23,11830.98267
1.469645,9,11835.708543
7.207161,23,11843.50168
-0.359131,6,11845.52975
0.900523,11,11850.957346
1.623134,15,11855.84894
6.055658,23,11865.054119
2.249307,17,11870.391274
5.921093,24,11879.928675
2.630166,16,11885.349054
-1.058949,2,11886.017108
7.222045,23,11895.721257
5.936053,24,11902.61666
7.099355,24,11912.444543
1.543351,14,11917.038029
-1.23052,2,11917.671556
1.940176,16,11924.83271
6.510386,23,11932.186274
-0.178137,8,11936.629983
7.193292,23,11943.815654
5.899991,24,11953.665853
0.635097,7,11956.021723
6.306036,23,11965.218801
7.230378,23,11972.379963
-1.383616,1,11972.714883
-1.067431,2,11973.340106
-0.384623,6,11975.354337
7.300698,22,11984.471396
6.548055,23,11993.654113
6.352636,24,12001.906892
0.259982,10,12006.056538
-0.328426,4,12008.465705
0.405482,6,12010.684534
1.879353,15,12015.974655
-0.018613,5,12017.646849
-0.765242,5,12019.729802
-1.168337,2,12020.913436
4.943624,23,12028.996257
-0.375865,4,12030.48812
-0.178754,4,12031.898787
5.859111,23,12041.739919
0.038788,7,12044.111427
-0.914212,4,12045.389934
2.402627,16,12052.363997
-0.195691,7,12054.765635
0.059917,9,12057.65749
-1.388138,1,12058.008444
-1.064431,2,12058.664236
5.980517,24,12068.040158
-0.729329,3,12069.039689
-1.067035,2,12069.670098
1.872725,13,12074.070428
7.186613,23,12083.85615
-0.755821,5,12085.590171
-1.077702,3,12086.529979
2.300822,10,12089.647537
7.36808,23,12098.339682
7.842526,22,12105.844563
0.513376,11,12111.182277
7.99248,22,12118.057577
0.525738,11,12122.875312
2.565506,12,12127.583007
-0.732595,4,12128.957886
-1.066263,2,12129.579271
-0.752913,5,12131.20397
6.33652,23,12141.068461
1.261769,13,12145.102345
5.94836,24,12155.340719
-1.046225,2,12156.032303
-1.064145,2,12156.704983
-0.941727,2,12157.418402
6.707903,23,12167.103631
4.840808,22,12174.83821
0.222572,6,12177.004466
0.382394,6,12180.194136
3.565732,18,12186.614342
0.632328,8,12189.043567
-0.378768,6,12190.825181
0.731766,11,12196.383271
-0.888275,3,12197.367031
0.369645,6,12199.354429
2.157724,13,12203.630308
0.271863,10,12207.439882
1.965327,13,12213.121904
7.428345,23,12220.598774
7.191411,23,12229.872946
0.50555,11,12233.291747
-0.33285,4,12234.622261
2.196302,14,12240.891024
-1.065614,2,12241.584949
-1.061526,2,12242.198278
7.225923,23,12250.167018
7.667997,21,12258.667274
-0.729204,4,12260.033059
6.071981,24,12270.39235
1.392888,10,12273.718403
6.148778,24,12282.705266
0.523934,11,12286.380487
5.897152,24,12295.564161
7.003618,23,12303.6989
3.087447,18,12311.206696
0.861991,10,12314.616245
-0.89367,3,12315.616972
5.903227,24,12323.917222
3.799538,23,12332.776175
0.92874,10,12335.987751
5.963954,24,12346.002606
-1.385564,1,12346.344028
2.89377,14,12351.373553
-1.229076,2,12352.597241
3.307727,17,12359.4677
-1.068205,2,12360.149079
5.964745,24,12369.661389
-0.726575,4,12370.993126
5.868712,24,12378.464242
2.466995,17,12385.875357
-1.079579,3,12386.851255
0.010045,7,12389.241589
-1.050584,2,12389.904285
5.890983,24,12399.584073
8.562372,23,12407.790912
6.596587,23,12417.430908
5.890624,24,12426.970046
-0.175436,7,12429.354084
-0.877316,2,12430.065403
-0.38401,4,12431.308257
-0.190007,8,12434.029472
0.226139,8,12436.594007
-0.407891,7,12440.2506
0.479039,9,12443.850493
3.134578,18,12449.807969
-0.191053,8,12453.300087
-0.382068,4,12455.640882
-0.36197,6,12457.622459
-0.333489,4,12459.082025
-0.757703,5,12460.784598
0.035332,9,12464.004333
7.44051,23,12473.231424
6.090598,23,12480.985596
5.857244,23,12490.153839
6.302951,23,12499.353587
0.257292,10,12502.543117
1.401623,13,12506.874127
1.944876,16,12514.028647
8.216179,20,12521.045434
-1.064082,2,12521.726346
-0.183845,4,12523.072809
3.345556,24,12533.008692
6.066912,23,12542.965301
0.747885,11,12546.499124
7.227276,23,12555.333308
0.842556,8,12558.269339
6.085846,23,12565.627233
2.521681,13,12571.811679
-1.033895,2,12572.468409
-0.887408,3,12573.424611
-0.723507,3,12574.367986
2.565775,18,12580.168122
0.63078,7,12583.769815
-0.730206,4,12585.789647
0.534078,11,12589.541928
-0.354587,5,12591.28778
-1.06408,2,12592.033856
7.216998,23,12601.406668
-1.069093,2,12602.077355
1.210847,9,12605.188332
-0.57861,6,12607.182412
0.63266,8,12610.079996
5.978835,24,12619.585503
-0.35804,5,12621.361217
5.977509,24,12631.061035
0.246745,7,12633.370027
6.350203,23,12642.414673
-1.069632,2,12643.365283
0.985711,7,12645.835678
-1.057734,2,12646.475291
-1.062374,2,12647.118299
0.462025,6,12649.088084
6.350922,23,12658.10582
0.954714,11,12661.826144
-0.72683,3,12662.787976
4.511344,17,12668.180225
6.561203,23,12677.55663
0.015713,7,12679.853499
-1.077819,2,12680.452049
-1.387801,1,12680.808947
-0.192763,8,12684.693971
7.417992,23,12692.964602
6.039649,24,12703.063466
5.903887,24,12710.433501
-0.163178,7,12714.407712
6.793866,19,12721.117349
-1.219373,2,12721.820955
7.54683,22,12731.234699
-0.019087,5,12733.060723
8.594425,22,12741.331452
0.711325,10,12745.466566
0.881961,9,12748.491247
1.61785,9,12751.412043
-1.066302,2,12752.150522
-1.06359,2,12752.873377
-0.72942,3,12754.08396
7.221616,23,12763.438079
1.187813,8,12766.321799
-0.373899,4,12767.767473
0.004461,5,12770.653851
-0.893894,2,12771.882295
3.023189,12,12776.185679
0.240608,5,12777.820443
-0.579126,6,12779.766664
6.507591,23,12789.174562
0.024183,8,12791.653693
2.116895,13,12795.968779
-1.062655,2,12796.58327
-1.196035,1,12796.935222
0.38238,6,12800.445077
0.476508,9,12804.014121
-1.08382,3,12805.096319
-0.995824,2,12805.774447
0.037163,9,12808.723945
6.078172,23,12817.965797
-0.970049,2,12818.637216
-1.388859,1,12818.988905
1.901533,16,12824.479503
5.9485,24,12834.503646
5.952109,24,12843.569881
5.944917,24,12851.422205
-0.748613,5,12853.030365
6.258026,23,12862.769244
-1.08291,3,12863.764112
-0.223655,7,12866.226598
-1.060092,2,12866.925728
6.165181,24,12876.501694
6.171015,24,12884.68627
-1.06223,2,12885.994586
7.00047,23,12894.73357
3.299235,20,12903.410697
2.045397,16,12908.675826
2.866296,18,12916.009391
-0.367714,7,12918.644224
0.520164,11,12922.265133
-0.175224,7,12924.383128
-0.749779,5,12926.05813
-0.761626,5,12928.537192
7.431048,23,12937.098635
3.250453,16,12943.000995
-0.184943,8,12946.856646
0.270377,10,12950.140767
-0.167688,7,12952.46732
0.047707,7,12954.890281
2.576175,18,12962.619557
-0.548097,5,12964.458106
6.67841,24,12974.745037
5.911308,24,12983.00538
-1.076212,3,12984.052968
5.889104,24,12993.613543
-1.068909,2,12994.246014
0.021092,8,12996.859601
0.274906,9,13000.652796
2.614679,18,13007.502893
5.914879,24,13016.482872
5.965014,24,13025.417851
-1.392811,1,13025.789468
-0.578158,6,13027.849077
6.321937,24,13037.856367
3.366784,19,13045.233753
-0.193326,8,13048.619245
-0.558716,6,13050.703919
-0.917125,4,13052.0402
6.170685,24,13060.666873
-1.076756,3,13061.928328
7.253797,23,13069.290323
5.976164,24,13079.209375
-0.727148,3,13080.232024
7.240456,23,13089.232207
-1.059079,2,13090.324137
0.040789,7,13092.666403
2.523705,17,13098.546391
-0.369744,7,13101.584585
-0.37464,7,13105.180058
-0.391899,7,13107.583696
-0.366318,7,13109.898579
-0.760614,5,13111.553357
1.636026,15,13117.552447
5.899677,24,13125.644063
-0.180929,8,13128.314787
7.001614,23,13137.839698
-1.070002,3,13138.893424
2.274567,17,13144.505493
-0.926836,4,13146.960714
-1.216058,2,13148.020341
-1.388868,1,13148.377303
5.912822,24,13156.163106
0.029238,9,13160.485064
6.080175,24,13169.123173
1.963733,16,13175.778352
-1.228265,2,13176.88757
-0.365924,5,13178.643671
5.930812,24,13186.345014
-1.077314,3,13187.833507
-0.185841,8,13191.895915
1.940996,16,13197.123959
-0.591518,6,13199.062883
1.218143,10,13203.152136
-0.753639,5,13205.851459
5.978922,24,13213.341931
0.484701,10,13217.39125
5.902497,24,13226.441517
7.226319,23,13235.915674
6.212101,24,13243.798032
-0.890366,3,13245.316862
0.491823,10,13250.094056
0.680685,11,13253.565189
2.28983,17,13259.554894
-0.173632,7,13263.334791
-1.223489,2,13264.006839
-0.536407,4,13265.263078
-1.63652,1,13265.61808
5.979942,24,13272.691447
5.938745,24,13281.826796
-0.888877,3,13282.904295
2.20777,17,13289.435535
-0.383572,7,13292.793926
5.968819,24,13300.41995
-0.576818,6,13302.645323
-1.387787,1,13303.269013
5.969297,24,13312.841581
-0.58208,6,13314.867967
5.938002,24,13324.440779
7.226702,23,13332.665533
-0.164451,8,13336.41172
2.126629,16,13341.331638
2.288039,17,13347.821019
0.255599,10,13352.078539
-0.514021,6,13354.121063
1.066522,13,13358.157587
5.982413,24,13367.72515
-1.22842,2,13368.378197
5.956892,24,13376.925258
5.999432,24,13384.919913
5.924049,24,13394.636139
7.191677,23,13402.310677
5.958561,24,13411.844957
1.297554,14,13416.474153
5.983386,24,13426.157047
6.060709,24,13435.353156
-0.396559,7,13438.126488
0.039187,9,13441.188292
-0.921023,4,13442.564408
0.278004,10,13445.752323
6.088636,24,13455.889457
2.968755,19,13463.652518
0.525349,11,13467.917443
0.739846,12,13471.841963
2.918639,19,13479.575768
7.135683,24,13487.289185
-1.221116,2,13488.013654
-1.089319,3,13488.995957
0.03194,8,13493.467047
0.257925,10,13497.098853
7.020527,24,13506.207415
5.935452,24,13514.765813
0.029316,9,13517.845524
-0.932371,4,13519.59152
-1.382602,1,13520.2017
5.904525,24,13529.157629
2.535535,18,13536.48041
6.097781,24,13544.863011
-0.743009,5,13546.405753
5.927279,24,13556.355532
5.977788,24,13566.280074
5.942682,24,13573.873729
0.036114,9,13577.202307
-0.773143,5,13579.96427
6.120268,24,13588.374269
5.899603,24,13598.045099
6.096,24,13606.962811
0.064053,9,13610.915546
5.991652,24,13618.303392
-1.225482,2,13618.976589
5.934639,24,13628.504571
1.623766,15,13633.345756
5.980654,24,13642.509309
0.510666,11,13645.965693
-0.761909,5,13647.61637
5.894268,24,13657.681191
5.913964,24,13667.691938
5.927913,24,13675.432437
5.945949,24,13685.470477
6.059743,24,13694.555
7.005416,23,13703.014526
6.07262,24,13713.141856
2.948785,19,13719.953338
-0.723651,4,13721.767321
5.909537,24,13730.832013
-0.381089,7,13733.345171
-0.724016,4,13734.578565
5.989228,24,13744.437805
0.50151,11,13747.899305
5.975588,24,13757.242825
5.978828,24,13766.15726
7.245507,23,13774.3309
5.971581,24,13783.730247
5.911524,24,13791.601964
1.038186,13,13797.681192
0.020542,9,13800.716143
5.921474,24,13809.163887
-0.190951,8,13813.107023
0.270806,10,13816.305283
-0.853414,2,13816.982633
0.735285,11,13820.664878
-1.389019,1,13821.051816
6.390683,24,13831.25789
5.999406,24,13840.977983
-1.073092,3,13841.918295
-0.763568,5,13843.607999
1.618428,15,13848.504832
-0.367894,7,13850.713815
-1.077219,3,13852.23514
5.99877,24,13861.517725
6.546239,24,13871.979971
-0.120324,8,13874.763844
5.967828,24,13884.732384
5.926555,24,13892.119212
0.059058,9,13896.07798
0.035302,9,13900.217918
-0.027846,8,13902.899439
2.936922,19,13909.5177
-0.401319,7,13913.232071
5.89434,24,13920.824129
-1.225495,2,13921.521637
0.037331,9,13925.580151
-1.084628,3,13927.457447
2.976155,19,13933.946699
-0.563028,6,13935.891038
-1.387487,1,13936.253619
-1.235474,2,13936.914212
-0.055586,8,13941.197058
6.97228,24,13949.666164
-0.189272,8,13953.057961
-0.758542,5,13956.287548
2.936804,19,13962.812055
1.636916,15,13969.049717
0.517629,11,13973.314871
5.952192,24,13980.438424
1.657891,15,13987.118573
3.060235,18,13993.065627
0.251725,10,13997.551565
-0.922084,4,13999.72025
5.949983,24,14007.78247
5.93614,24,14018.08033
5.979928,24,14027.34393
5.904305,24,14035.234385
-0.763884,5,14036.732939
5.953626,24,14046.554809
6.555625,24,14055.252388
-1.387969,1,14055.865018
0.266473,10,14059.778606
-0.577964,6,14061.70823
-0.912796,4,14063.004256
-0.916218,4,14064.247435
5.961119,24,14073.491032
2.462849,17,14079.149606
0.026382,9,14082.090095
5.942165,24,14091.77328
-0.571277,6,14093.980933
0.02755,8,14096.7647
6.923302,24,14106.3356
5.964424,24,14115.600083
5.95556,24,14123.910245
5.999392,24,14133.987406
0.430894,10,14137.236485
-0.756101,5,14138.819115
-0.162108,8,14142.766391
-0.380628,7,14145.640042
0.28315,10,14149.000601
-0.91242,4,14150.341323
5.985112,24,14160.228883
5.93467,24,14167.636426
6.085909,24,14176.9877
-0.581293,6,14178.800018
5.954947,24,14188.705575
-0.176143,8,14191.390877
-1.075796,3,14192.421866
5.224799,24,14202.090524
3.157958,19,14207.855308
-0.394247,7,14210.111864
5.928659,24,14219.796625
0.495314,11,14223.54609
5.900619,24,14233.173176
-0.746694,5,14235.007897
-0.921448,4,14236.514253
-1.390715,1,14236.945031
-0.166596,8,14239.623085
6.105804,24,14249.503953
-1.085803,3,14250.536856
0.257928,10,14253.834574
5.890024,24,14263.255462
5.894365,24,14271.675979
0.525908,11,14275.961091
-0.763598,5,14277.531029
-0.75535,5,14279.278152
-0.157177,8,14282.008491
5.957836,24,14291.46032
-0.754836,5,14293.038023
-0.716344,4,14294.440443
-0.317324,7,14296.804212
-1.075334,3,14297.822849
-0.587678,6,14300.594771
6.664497,24,14309.307153
0.501604,11,14312.74172
5.897424,24,14322.53315
3.930474,19,14330.575439
5.996336,24,14339.12646
5.920661,24,14348.438853
0.04268,9,14351.529212
0.521649,11,14355.260934
5.993406,24,14364.371753
5.906013,24,14372.952052
0.525772,11,14377.027913
5.898738,24,14385.369466
5.992374,24,14394.844786
-0.761948,5,14396.453454
0.536812,11,14400.23961
5.905344,24,14409.574617
5.981132,24,14419.116647
-0.579893,6,14420.961377
-1.078499,3,14421.878856
-1.082056,3,14422.834368
-0.428341,8,14425.685607
-0.195128,8,14428.839478
-1.38956,1,14429.508746
-0.179229,8,14433.531242
0.193801,9,14436.587626
-0.386105,7,14439.108936
-0.925986,4,14440.354982
-0.553308,5,14442.111985
-1.072306,3,14443.526344
-0.595625,6,14447.136222
-0.163117,8,14449.868042
-0.756418,5,14451.42946
5.978801,24,14460.996773
-0.56899,6,14463.328754
-0.932204,4,14464.666041
5.896008,24,14473.456699
5.922501,24,14482.338006
6.08839,24,14491.736641
-1.226077,2,14492.382681
-1.220754,2,14492.992774
5.913525,24,14500.383353
0.268478,10,14505.727259
-0.912974,4,14507.111726
5.890532,24,14515.010979
5.910447,24,14524.856018
5.943733,24,14534.312619
-0.190587,8,14537.002016
1.954177,16,14542.202346
-0.760092,5,14543.769265
0.750662,12,14549.641227
-0.930269,4,14551.010201
0.045651,9,14554.161402
-0.185678,8,14556.924205
-0.93462,4,14558.116933
-0.165524,8,14562.426562
0.758122,12,14566.196541
-0.568203,6,14568.043115
-0.401883,7,14570.41003
5.93809,24,14580.16868
-0.171214,8,14582.922106
-1.227283,2,14583.605373
-0.749473,5,14585.289645
-1.078016,3,14586.361892
5.960424,24,14595.74843
5.984983,24,14604.459251
5.981243,24,14612.905957
6.123427,24,14622.005369
-1.229705,2,14622.671621
4.663982,24,14630.337606
0.061126,9,14635.120532
7.055581,24,14643.242902
-1.085215,3,14644.235421
-0.748742,5,14646.33831
-0.581238,6,14649.654896
0.789847,12,14653.604409
1.359289,14,14657.998273
5.94181,24,14667.479148
-0.766067,5,14669.189908
-0.914845,4,14670.49632
5.989612,24,14680.377795
6.106537,24,14689.05315
5.899519,24,14698.23623
5.976761,24,14707.690144
4.70681,24,14716.490567
0.516928,11,14721.829086
-1.226342,2,14722.500266
5.975171,24,14730.250012
5.93963,24,14740.084019
-0.283103,6,14742.072912
-0.56605,6,14744.16354
5.903414,24,14754.812774
5.938752,24,14765.044305
-1.084312,3,14766.069669
5.959849,24,14774.294828
5.98138,24,14784.554094
5.920093,24,14794.359161
0.29349,10,14797.619857
5.970742,24,14805.713893
5.972216,24,14814.84739
1.311071,14,14819.69172
0.265286,10,14824.406945
0.257174,10,14827.48186
5.942483,24,14837.252582
-0.766975,5,14838.910544
5.991736,24,14846.33369
-1.2237,2,14846.98438
5.959248,24,14856.685694
7.123978,24,14866.70278
-0.918754,4,14868.046791
5.921424,24,14875.875427
5.997936,24,14885.582459
1.069905,13,14889.873413
5.938901,24,14899.644117
-0.16405,8,14902.280147
-0.916183,4,14903.722283
5.928852,24,14913.349325
5.983838,24,14923.299719
2.399049,16,14929.104932
-0.724136,4,14930.515114
-1.222565,2,14931.196263
-1.212768,2,14931.85746
1.905888,16,14938.779444
0.046162,9,14941.894564
-0.499101,5,14943.574174
-0.912665,4,14944.784448
5.975648,24,14954.572165
0.767554,12,14958.392693
-0.925152,4,14959.747481
1.645841,15,14966.607775
-0.389348,7,14969.179163
0.027041,9,14972.225987
5.964032,24,14981.515085
5.960559,24,14989.797305
-0.932444,4,14991.116549
-1.08145,3,14992.59301
0.657533,11,14997.758168
5.956906,24,15006.148442
-0.163582,8,15010.631503
5.962015,24,15018.173842
0.047218,9,15021.548713
5.998903,24,15030.53916
5.946221,24,15040.570177
-0.892917,5,15042.293883
5.99336,24,15052.115682
5.894748,24,15060.624895
0.029206,9,15063.681315
5.899618,24,15073.745716
2.233871,17,15080.24877
3.466443,20,15087.756663
0.028249,9,15090.790931
7.001458,23,15100.09528
0.049454,9,15102.856714
0.769732,12,15106.436165
5.940691,24,15116.058373
-0.580222,6,15118.046954
5.894856,24,15127.740036
0.017259,9,15130.377338
5.998792,24,15139.348188
-1.073972,3,15140.877582
1.660319,15,15146.094825
-0.373963,7,15148.648975
-1.223228,2,15149.38139
5.920163,24,15158.655903
5.979294,24,15167.538851
5.966181,24,15175.887537
5.966346,24,15185.60064
5.917175,24,15193.238259
0.582663,10,15198.649533
5.915747,24,15206.332018
0.253785,10,15210.520171
0.510358,11,15215.099267
0.259654,10,15218.622857
5.942893,24,15228.25466
-0.931257,4,15229.536144
5.896331,24,15237.166937
5.891775,24,15246.661063
-0.575751,6,15248.663881
5.954225,24,15258.773352
-1.081699,3,15259.723207
-0.564821,6,15261.67506
0.024039,9,15264.618131
1.650661,15,15271.5203
5.99623,24,15279.124787
-0.183776,8,15283.269463
-0.565256,6,15285.735389
-0.750867,5,15287.274125
-0.428268,6,15289.15936
5.914264,24,15298.127802
6.069053,24,15306.528784
0.500495,11,15311.325909
-0.397351,7,15314.811609
5.985665,24,15322.236811
-0.19004,8,15325.682946
5.927206,24,15334.473693
-1.393167,1,15334.828478
2.953735,19,15342.656644
-0.18396,8,15345.598182
-0.758664,5,15347.504709
-0.196485,8,15350.206668
5.942918,24,15360.07051
-0.928889,4,15361.378563
0.510131,11,15364.948385
-1.22884,2,15365.630609
7.241007,23,15374.886717
6.783879,24,15383.802752
-0.798593,5,15386.260269
6.108299,24,15393.988114
2.594057,18,15401.614461
-1.082902,3,15402.513847
5.957024,24,15410.411011
-1.386993,1,15410.997321
-1.083826,3,15412.71621
5.950315,24,15421.590518
5.978735,24,15431.449171
-0.932009,4,15432.912724
-0.916639,4,15434.429888
-0.583816,6,15436.408565
6.086344,24,15446.003592
-0.58687,6,15448.032559
5.918562,24,15457.509859
-0.922717,4,15459.28475
6.080025,24,15467.89681
-0.919826,4,15470.088574
0.499925,11,15474.799445
-0.185508,8,15477.388138
6.071165,24,15487.437557
2.76865,18,15493.738589
-0.744496,5,15495.494348
-0.027898,7,15498.170955
0.288499,10,15502.846205
-0.388843,7,15505.038179
5.934196,24,15514.031384
5.922748,24,15523.109106
5.937507,24,15533.190051
4.067865,22,15540.092776
-1.38641,1,15540.4886
0.06372,9,15545.641342
0.538451,11,15549.223963
-1.227748,2,15549.865288
5.938987,24,15558.909924
-1.223509,2,15559.881829
-0.380358,7,15562.142011
5.962402,24,15570.076359
0.054668,9,15574.783242
5.988326,24,15582.316132
2.883976,19,15590.362093
0.530708,11,15593.956614
5.915553,24,15603.847728
0.106111,9,15606.875916
2.542763,18,15612.607032
5.995655,24,15622.370923
5.978844,24,15632.321507
-0.915737,4,15633.662265
-0.762122,5,15635.392331
-0.920235,4,15636.701074
5.950777,24,15646.359295
-1.084756,3,15647.310163
5.956268,24,15654.936282
0.292516,10,15659.884903
0.76638,12,15663.961068
-1.083046,3,15664.935281
0.052254,9,15667.698188
5.937584,24,15677.29965
5.964474,24,15684.969828
5.947185,24,15694.391145
-0.92711,4,15695.706611
3.398079,20,15704.211646
5.954409,24,15711.537046
5.927047,24,15721.525915
-1.083343,3,15722.491455
5.94807,24,15731.010689
0.253465,10,15735.003039
-1.084806,3,15736.084293
-0.588899,6,15738.276597
2.884,19,15745.97872
0.210978,8,15749.280561
5.916032,24,15757.79102
-0.376457,7,15762.009625
6.121684,24,15770.099487
5.925869,24,15779.919612
-0.740703,5,15781.532432
5.892919,24,15791.299543
5.941299,24,15799.473867
5.951232,24,15808.804696
5.991228,24,15817.805923
5.922447,24,15826.346274
5.947618,24,15836.494868
-0.575566,6,15838.497016
5.932709,24,15847.699952
1.893019,16,15853.262052
5.967487,24,15863.642245
0.041497,9,15866.557656
4.061503,22,15874.447254
0.671881,11,15879.539868
5.984593,24,15887.510001
1.640473,15,15894.599684
2.1529,15,15899.596345
-0.758954,5,15901.395628
2.908092,19,15909.476667
-0.190473,8,15911.922028
-1.08081,3,15912.953298
0.743619,12,15917.363413
5.894463,24,15926.375856
6.071808,24,15936.244188
2.948205,19,15942.396922
5.891109,24,15952.20687
-0.929358,4,15953.515012
5.970933,24,15962.23235
-1.638957,1,15962.865068
-0.593384,6,15965.3569
5.958553,24,15972.959301
-0.368902,7,15976.321246
-0.588115,6,15979.478785
0.50809,11,15982.861966
5.979697,24,15992.693545
5.932957,24,16001.050197
0.510535,11,16005.349597
5.905957,24,16013.438754
0.798808,12,16017.270608
5.91754,24,16027.211077
5.897275,24,16036.688656
1.615283,15,16041.993672
-0.37621,7,16044.342795
-1.075541,3,16045.355433
0.295196,10,16050.550431
4.396637,23,16058.387592
-1.226631,2,16059.16036
-0.174905,8,16062.387212
-1.074396,3,16064.310186
-0.922884,4,16066.03298
0.048192,9,16069.05407
0.799076,12,16073.249029
5.917535,24,16083.037825
-0.589217,6,16085.144108
5.999595,24,16094.875841
5.947839,24,16102.57422
-0.16852,8,16105.938538
5.970832,24,16115.118593
0.278108,10,16118.705624
-0.922972,4,16120.919775
-0.582263,6,16123.820538
2.90771,19,16129.592402
2.631802,18,16137.229764
0.052779,9,16140.345445
6.547748,24,16148.596102
7.151861,23,16157.746064
0.053308,9,16160.709221
6.126836,24,16170.050322
5.898319,24,16179.479477
1.644282,15,16185.282706
-0.722922,4,16186.627506
5.972291,24,16196.218112
0.25406,10,16199.693387
5.948167,24,16209.562626
-0.722814,4,16211.048218
1.600707,15,16216.060939
5.904708,24,16226.054603
-1.22382,2,16226.680695
5.915306,24,16234.596365
5.958589,24,16244.159081
-0.75171,5,16245.866953
-0.923852,4,16247.117598
5.970079,24,16257.120681
0.027355,9,16260.376621
5.896025,24,16270.370866
0.768084,12,16274.250889
5.909971,24,16283.921113
-0.199597,8,16286.340352
-1.388131,1,16286.657245
-0.134266,8,16289.142615
0.275258,10,16292.584241
-1.08391,3,16294.258201
-0.920607,4,16296.519857
1.879065,15,16301.375304
6.778861,24,16311.244878
-1.392165,1,16311.576204
5.922742,24,16319.25161
-0.568466,6,16321.542563
6.999974,23,16330.928803
-0.914949,4,16332.288123
1.658869,15,16338.705653
0.281495,10,16342.540017
0.062441,9,16345.654759
-1.082938,3,16346.700878
0.264793,10,16350.338654
5.96057,24,16360.128273
5.982363,24,16370.347541
-0.919714,4,16371.75827
5.993194,24,16380.659045
0.77621,12,16385.919781
5.967753,24,16394.114263
2.698281,18,16401.791914
6.061911,24,16411.759273
5.991945,24,16419.680659
5.900886,24,16429.075208
-1.389865,1,16429.407318
5.970707,24,16437.452636
5.995664,24,16446.641097
1.015197,13,16450.97542
0.499701,11,16456.568203
1.586716,15,16461.469249
6.07161,24,16470.890725
6.063284,24,16478.398811
-0.579724,6,16480.419842
0.777184,12,16486.017585
-1.393365,1,16486.371837
0.020042,9,16489.326016
-0.384473,9,16492.305153
0.184945,9,16495.728364
5.975598,24,16504.842759
-0.564622,6,16506.88991
7.186386,23,16516.363585
-0.156723,8,16518.978362
5.94514,24,16528.330916
2.615958,18,16533.836104
-0.568168,6,16535.850225
-1.072561,3,16536.822562
5.967131,24,16546.627913
-0.987737,3,16547.635951
-0.928624,4,16548.989757
-0.916519,4,16550.319265
0.541245,11,16554.739341
5.976873,24,16563.21549
1.636947,15,16568.834105
6.078491,24,16577.331841
-0.162302,8,16579.953758
-1.220359,2,16580.606011
4.40206,23,16589.377138
5.953777,24,16597.647807
0.291539,10,16602.005894
6.063309,24,16610.038728
-0.196859,8,16614.559853
-0.397119,7,16616.937997
5.931292,24,16624.124036
0.531083,11,16629.547844
0.288647,10,16632.608208
7.154966,23,16641.006984
5.895573,24,16649.456903
5.893605,24,16658.926322
-0.378073,7,16661.322801
-0.175234,8,16664.15105
-0.371006,7,16666.447407
5.912022,24,16675.836846
-1.387717,1,16676.198915
0.74559,12,16680.111542
5.906621,24,16689.858386
5.981178,24,16697.879459
5.928273,24,16706.756019
6.760261,24,16716.900272
-0.273562,6,16718.904822
7.002905,23,16727.505843
5.917487,24,16736.219601
6.113175,24,16745.673635
5.963257,24,16753.101333
5.97367,24,16762.992656
1.632702,15,16767.933852
-0.916374,4,16769.510351
-0.715703,5,16772.421753
5.973989,24,16780.847703
-0.775875,4,16782.214554
0.045952,9,16786.670605
-0.19221,8,16789.711693
5.982626,24,16797.691017
5.915551,24,16807.472583
5.933979,24,16817.449841
0.76601,10,16820.792314
5.960079,24,16830.211165
-1.3546,1,16830.793095
0.021482,9,16833.927753
5.918193,24,16842.588879
7.00026,23,16851.405955
-0.569616,6,16853.3566
0.048608,9,16857.125023
6.155842,24,16866.000446
-0.923354,4,16867.420248
-0.929853,4,16868.768836
1.965498,16,16875.92744
6.095979,24,16884.356797
-0.157782,8,16889.250033
-0.293601,6,16891.474669
0.545316,11,16895.223088
5.931967,24,16904.993659
5.918739,24,16913.024159
0.516823,11,16918.515441
5.987263,24,16926.225133
5.87553,24,16935.729641
6.05209,24,16943.885257
0.517096,11,16948.740566
6.420429,24,16956.700413
-0.184397,8,16961.355
-1.229504,2,16962.140416
6.057415,24,16969.670539
-0.757892,5,16971.284155
-0.928191,4,16973.478163
2.244465,17,16980.100994
-1.07647,3,16981.148123
7.002193,23,16990.118748
6.297747,24,16997.89167
-0.191113,8,17000.779958
4.886496,24,17010.583673
-0.916706,4,17011.87306
0.510085,11,17016.588625
5.898319,24,17025.83001
5.97864,24,17035.952567
5.967852,24,17043.529132
0.518105,11,17049.00681
-0.379236,7,17051.481529
0.279842,10,17055.107443
5.891168,24,17065.063024
1.966875,16,17070.262586
5.970832,24,17079.835202
5.920151,24,17087.903216
-0.368617,7,17091.682964
5.972643,24,17099.267695
-0.930009,4,17100.604479
4.101184,22,17109.601369
-1.388807,1,17109.980721
0.050945,9,17113.011425
-0.305387,7,17115.453395
-1.389426,1,17115.782064
0.739802,11,17121.404538
3.688764,19,17127.899727
5.980121,24,17138.449639
5.957823,24,17147.837401
1.613613,15,17153.592705
5.949283,24,17163.425057
5.987624,24,17171.902424
5.973906,24,17182.060445
0.035114,9,17184.965438
5.935408,24,17194.775743
1.92555,16,17200.065162
0.493566,11,17204.635846
-0.374944,7,17208.10437
-0.753203,5,17209.787005
-0.042582,7,17212.053579
5.930285,24,17221.679414
-0.773016,5,17223.43097
5.938774,24,17231.399727
0.257627,10,17236.501344
-0.195642,8,17238.907727
5.920034,24,17247.03348
-0.571864,6,17250.517628
5.958786,24,17258.451761
-0.396654,7,17261.447947
5.895711,24,17270.708868
5.917553,24,17280.833238
-0.387247,7,17283.283581
-0.567187,6,17285.196661
0.288217,10,17288.539867
-1.070789,2,17289.192293
-1.083591,3,17290.646927
2.365479,15,17296.899796
5.953197,24,17305.667241
5.928115,24,17314.488501
-0.164393,8,17317.264495
0.505996,11,17322.678065
-0.770732,5,17324.502128
-0.569543,6,17326.261663
-0.183339,8,17328.802983
-0.576198,6,17330.939575
0.540674,11,17335.632411
6.077114,24,17344.12854
1.677784,24,17354.482289
5.93746,24,17361.813426
0.269315,10,17366.982169
5.953399,24,17374.491237
-0.564988,6,17376.614608
2.211781,17,17383.88661
-0.39737,7,17386.178674
5.906019,24,17395.819804
-0.395513,7,17397.981342
6.098066,23,17405.146894
3.636123,21,17413.508941
5.928225,24,17422.598993
5.938074,24,17431.368314
3.328756,20,17439.465649
0.254523,8,17442.09088
-0.570814,6,17444.079045
5.977505,24,17453.681298
0.063752,9,17456.51793
0.16179,9,17459.390417
5.986221,24,17469.264406
1.299572,14,17474.000358
0.054224,9,17477.094274
0.934399,7,17480.832412
5.912136,24,17489.211431
6.632545,24,17499.651567
7.181642,23,17509.371
6.197489,24,17517.958833
-0.761363,5,17519.522647
0.516578,11,17524.734126
5.996404,24,17533.608953
5.979306,24,17543.427042
-0.731499,4,17544.861754
-0.932205,4,17546.297022
-0.401851,7,17548.697862
1.122325,12,17554.765369
-0.161587,7,17557.26287
-1.069337,2,17557.992344
-0.175678,8,17560.523787
-0.584444,6,17562.317543
0.272759,9,17566.083215
6.4124,24,17575.890381
-0.915594,4,17577.139261
-0.094963,8,17580.567331
0.714809,11,17585.671564
-1.385534,1,17586.066635
-0.929919,4,17587.395226
-0.176917,8,17590.14834
0.030926,9,17593.427002
-0.767264,5,17596.315289
0.53458,11,17600.847642
1.959866,16,17606.496093
-0.757644,5,17608.726278
-0.381214,7,17612.690588
-0.918583,4,17614.229505
5.962514,24,17623.398432
-0.916517,4,17625.868416
5.903127,24,17634.573256
2.265259,17,17642.031881
-1.388529,1,17642.372593
5.996449,24,17650.313899
0.054316,9,17654.388137
5.968,24,17663.054979
-1.078148,3,17664.110589
-0.762714,5,17665.657781
5.937165,24,17675.229375
5.927092,24,17685.279603
5.94186,24,17693.383327
6.124022,24,17703.499352
5.96677,24,17713.916585
5.999527,24,17721.834714
5.944523,24,17731.766001
6.882335,24,17741.939012
5.949266,24,17750.747786
-0.589557,6,17752.778074
7.003527,23,17762.133343
-1.231095,2,17762.803774
5.98138,24,17772.457706
-1.23007,2,17773.131982
7.003219,23,17780.677254
6.171505,24,17790.218003
-1.219314,2,17790.92107
5.895418,24,17800.295304
-0.167455,8,17803.182569
0.701381,9,17806.362538
5.950838,24,17816.654357
5.997018,24,17824.555504
-0.752777,5,17827.215099
1.961592,16,17833.588922
-0.745935,5,17835.268894
2.2764,17,17841.404004
5.929815,24,17850.303382
5.978816,24,17859.895323
5.899649,24,17867.606709
1.304359,14,17873.675302
-0.767167,5,17875.426657
5.92314,24,17883.648854
0.944305,11,17889.329762
5.912628,24,17897.333298
5.932699,24,17907.426256
-0.196439,8,17910.343635
6.088053,24,17920.067099
-0.762034,5,17921.721659
-0.024074,7,17924.258647
-1.083805,3,17925.427306
5.983726,24,17935.382882
-0.568414,6,17937.63888
-0.589616,6,17939.815433
-1.386147,1,17940.123235
-0.384738,7,17943.36548
5.967918,24,17952.293363
-1.340269,1,17952.596792
5.905785,24,17962.532346
0.790913,12,17966.496823
5.914776,24,17975.883796
1.275811,11,17979.719149
-1.221912,2,17980.38551
-0.74713,5,17982.06882
0.283661,10,17986.420567
0.931013,11,17990.752455
5.967078,24,17998.266456
-0.371018,7,18002.012703
5.949008,24,18009.961325
5.935799,24,18019.99068
7.04518,24,18028.674623
-1.083437,3,18030.363905
2.955368,19,18037.358053
-0.560925,6,18039.273137
5.91348,24,18049.158116
5.925587,24,18057.41982
-0.385462,7,18061.418041
-0.188775,8,18064.124238
0.040088,9,18067.345352
-1.085093,3,18068.28318
6.1775,24,18078.118059
5.954897,24,18086.380855
0.540094,11,18091.344114
5.91421,24,18099.580577
4.00849,22,18109.309392
-0.587561,6,18111.343379
5.957797,24,18120.871984
-1.2293,2,18121.592691
-1.388796,1,18122.042367
5.911619,24,18130.86904
-1.073496,3,18132.804249
0.529008,11,18137.317361
0.280856,10,18140.534107
0.02645,9,18143.712944
2.321768,24,18153.918847
5.899323,24,18163.683318
6.093788,24,18171.505247
5.959723,24,18181.106289
5.939236,24,18190.38733
0.069078,9,18194.225966
2.950822,19,18200.463232
-0.928713,4,18201.815681
5.987414,24,18211.354509
0.501777,10,18214.559988
-0.587883,6,18216.759717
-1.386878,1,18217.456504
1.801384,15,18223.768396
2.212996,17,18229.273665
2.215837,17,18236.564265
-0.17869,8,18239.176687
2.570474,18,18244.670264
5.949772,24,18253.580125
-0.576067,6,18255.728928
7.206373,23,18265.208849
2.628551,18,18271.146118
-1.086443,3,18272.131447
-1.070209,3,18273.110854
1.63056,15,18279.913982
-1.071685,3,18280.799593
-0.585271,6,18282.730265
-0.766493,5,18284.522671
0.034153,9,18287.374653
-1.226947,2,18288.021909
5.907768,24,18297.613118
1.323276,14,18302.159418
5.902276,24,18311.610066
5.926081,24,18321.075388
5.986673,24,18328.885336
0.038438,9,18331.963431
5.976579,24,18342.022528
-0.565468,6,18343.931859
5.919324,24,18353.173047
-0.818226,6,18355.174727
0.755161,12,18358.964854
0.542213,11,18364.907826
-0.744233,5,18366.56681
0.035634,9,18369.555212
-1.072618,2,18370.249353
7.185856,23,18379.507103
7.002843,23,18387.103968
0.037883,8,18390.382023
0.17477,8,18394.392782
5.922674,24,18401.766531
5.976561,24,18411.642821
6.442141,24,18420.709891
0.513912,11,18425.161628
-1.06597,2,18425.871015
-0.36464,7,18428.100893
-0.380836,7,18430.508221
5.923306,24,18440.311908
-0.925558,4,18441.624822
0.494817,11,18445.287183
5.89529,24,18454.749003
-0.031031,7,18457.072309
5.97558,24,18466.777308
2.942772,19,18473.027247
0.042889,9,18475.903888
2.944504,19,18483.343641
5.99357,24,18490.654181
5.90014,24,18500.159101
-0.578986,6,18502.06741
-0.928677,4,18503.230606
0.49161,11,18507.87561
0.453084,9,18511.463051
0.030267,9,18514.24869
1.337512,14,18518.662271
-0.561801,6,18521.687039
7.710975,23,18530.205797
0.489143,10,18533.675845
5.892634,24,18543.712178
0.210444,9,18546.407907
0.270915,10,18550.643948
2.216206,17,18557.053042
5.992647,24,18565.849029
5.893107,24,18573.997458
1.588007,15,18580.379219
5.931795,24,18588.770647
2.601831,18,18596.54614
0.27624,10,18599.89429
5.924423,24,18608.78016
6.128537,24,18617.430655
-0.176306,8,18620.179082
-0.747115,5,18623.155844
5.893171,24,18631.569389
3.323304,20,18639.871308
-1.128518,2,18640.470718
5.983245,24,18647.94505
0.247316,10,18652.897971
-1.082939,3,18654.289709
-0.921299,4,18655.72898
5.942689,24,18663.566421
5.975947,24,18673.009659
7.003646,23,18681.455385
6.057246,24,18690.066544
6.081623,24,18699.767542
5.989941,24,18708.309422
-1.230197,2,18709.532862
7.194508,23,18717.626179
5.915597,24,18727.491382
-1.389528,1,18727.824148
-0.18142,8,18730.541134
-0.596204,6,18732.547206
5.941214,24,18741.881112
5.938181,24,18749.325717
0.291654,10,18754.095651
5.996749,24,18762.024101
-0.749479,5,18763.695158
2.252268,17,18771.405592
5.8996,24,18779.106452
-1.089659,3,18780.977364
-1.389053,1,18781.607455
7.243232,23,18789.584627
2.213457,17,18795.902339
-0.370547,7,18799.028906
0.282492,10,18802.202929
5.953741,24,18811.704202
5.897022,24,18819.919676
5.983856,24,18830.35604
-1.220957,2,18831.061291
0.054578,9,18833.965786
-1.391335,1,18834.307436
6.697454,24,18844.362144
-1.226827,2,18845.057241
6.127493,24,18854.214166
2.108058,16,18860.67207
1.59954,15,18865.484886
5.96328,24,18874.776296
-0.763786,5,18876.424657
7.16693,23,18885.950358
-0.927326,4,18887.344693
0.502177,11,18891.102348
-0.380853,7,18893.520335
-0.920863,4,18894.835305
3.690542,21,18903.432275
6.050349,24,18912.586777
5.945747,24,18920.938201
-0.170495,8,18923.561685
2.614845,18,18930.960972
6.104284,24,18938.089596
5.969039,24,18947.007556
5.917409,24,18956.554487
1.737023,15,18961.849797
0.222927,9,18964.796047
6.139167,24,18974.826674
0.046447,9,18978.04795
2.211153,17,18984.585435
-0.923158,4,18986.267542
-1.071979,3,18987.249871
-0.584138,6,18989.36811
5.967749,24,18999.123514
-1.085009,3,19000.570939
5.973147,24,19008.114379
1.359461,14,19014.082487
5.941016,24,19021.971862
2.594213,18,19029.196463
5.925757,24,19037.211804
-1.220979,2,19037.929206
0.261726,10,19043.175525
5.923134,24,19050.764181
-0.169784,8,19053.35779
0.263624,10,19058.308005
5.924499,24,19066.027338
