#{"t_start": 1765188317.102723, "env_id": "highway-fast-v0"}
r,l,t
4.879785,6,0.215555
8.9133,12,0.473146
9.296571,12,0.729708
9.099688,13,1.068711
2.113001,3,1.133079
5.516356,8,1.459714
1.632711,3,1.604565
10.847915,15,2.119424
6.61264,8,2.447345
9.577465,12,2.985879
4.019777,5,3.23379
9.065387,13,3.76603
20.345484,25,4.705257
8.896977,12,5.017953
23.64576,30,5.748991
3.366044,5,5.876782
6.878849,8,6.070319
6.110711,8,6.254719
1.6,3,6.312757
1.979667,3,6.376715
8.899704,12,6.62223
24.294739,30,7.30953
1.879667,3,7.374079
8.614802,10,7.617037
2.4,4,7.711218
8.112402,11,7.979508
10.749302,15,8.382045
4.312174,6,8.539654
20.45229,26,9.124781
23.018933,30,9.831835
26.47687,30,10.513886
2.752263,4,10.608175
9.850276,13,10.898695
22.674151,30,11.623784
25.530034,30,12.28817
22.744027,29,12.880021
9.1825,11,13.148186
22.067698,30,13.780216
24.64568,30,14.382758
21.931437,30,15.264196
3.119551,5,15.480526
11.344642,15,16.126989
2.319247,4,16.279303
23.408652,29,17.416175
25.358173,30,18.588799
27.311235,30,19.395142
3.615775,5,19.487848
2.846021,4,19.562885
21.878303,28,20.222483
1.846796,3,20.301293
1.118234,2,20.354476
24.998709,30,21.044255
5.999392,9,21.242987
3.798834,6,21.358642
23.23147,30,21.937018
6.378821,9,22.16481
15.10982,18,22.598052
5.178752,7,22.768084
2.46636,4,22.864596
10.379243,14,23.218654
2.76405,4,23.310118
11.715096,14,23.645129
23.344702,30,24.322966
6.335991,9,24.517428
7.763703,11,24.791645
1.731021,3,24.847602
21.483289,25,25.407766
13.194355,17,25.79018
26.830625,30,26.428003
23.51042,30,27.189147
13.179158,16,27.503892
3.882786,6,27.630087
22.015472,30,28.375275
22.809798,30,29.1575
7.678896,10,29.525858
6.711721,8,29.828858
6.230871,9,30.209326
1.279667,2,30.28564
2.646796,4,30.430123
25.010621,30,31.498965
10.381008,13,32.109855
28.694076,30,32.9446
9.119316,13,33.260199
1.8,3,33.329491
2.93418,4,33.425804
7.585351,9,33.665489
23.48209,30,34.313104
2.646174,4,34.413774
27.509964,30,35.151153
24.309535,30,35.935103
6.91264,8,36.123604
9.198505,13,36.434061
6.250375,8,36.636076
14.748802,21,37.202714
3.645407,5,37.324749
2.680129,4,37.416555
3.15311,4,37.554627
5.798175,8,37.76906
26.209925,30,38.431945
16.448487,22,38.94427
22.0668,30,39.531282
23.427831,30,40.280436
11.197025,14,40.68362
15.465405,22,41.218899
12.445503,14,41.516199
13.635996,17,41.905205
9.266218,13,42.266641
22.662972,30,43.139882
25.908471,30,44.182994
21.682323,30,45.230085
26.477853,30,46.400017
9.467042,11,46.689583
24.26201,30,47.343753
17.644311,23,47.867553
23.568001,30,48.564049
4.012656,5,48.698919
3.913158,5,48.833121
8.946829,13,49.145059
22.777156,30,49.849653
2.879363,4,49.950612
23.047396,30,50.652183
13.713999,16,51.063497
17.445899,22,51.590647
2.046796,3,51.673651
17.177744,24,52.234464
16.079525,22,52.768517
8.597383,11,53.028093
3.013158,4,53.137958
3.729729,5,53.251433
2.046796,3,53.318848
2.779507,4,53.418612
15.928608,20,56.680464
4.233373,6,56.906484
11.845357,13,57.32702
23.397051,30,58.389731
22.811605,30,59.412346
5.932171,8,59.75728
7.767166,11,60.181731
22.151549,29,60.86275
3.166101,5,61.002871
3.61893,5,61.142798
22.285684,30,61.79402
24.275398,30,62.560016
26.8532,30,63.324733
11.453548,14,63.602423
16.577914,22,64.110412
3.012696,4,64.217765
19.185235,26,64.808305
2.830717,4,64.931189
24.310098,30,65.574715
21.519301,30,66.311373
2.084982,3,66.365221
17.942466,21,66.835817
22.653091,30,67.436623
23.747313,30,68.086556
22.219032,30,68.789102
22.196631,30,69.416759
4.58163,6,69.546014
19.265149,24,70.078338
22.818165,30,71.139014
22.032461,30,72.166764
21.666314,28,73.162681
21.052932,30,74.27077
10.751068,14,74.582749
23.684388,30,75.247272
22.885371,30,75.87321
22.645927,30,76.555003
6.702663,10,76.795341
21.252321,30,77.368191
22.785148,30,78.041142
23.498935,30,78.647541
23.916801,30,79.388278
2.666667,4,79.476806
18.416934,25,80.054768
3.579507,5,80.163129
22.484224,30,80.718138
5.617564,8,80.913981
1.748486,3,80.9922
24.117105,30,81.755362
18.298669,24,82.320673
3.745573,5,82.438436
23.683496,30,83.140203
21.186887,30,83.838215
23.351085,30,84.729643
26.08445,30,85.792906
21.502652,30,86.718405
17.644871,22,87.494724
22.811567,30,88.520915
2.682137,4,88.607049
2.730254,4,88.713442
3.729632,5,88.864568
23.283538,30,89.504212
2.733082,4,89.604421
2.5,4,89.699213
4.851958,7,89.888694
9.196291,11,90.138741
5.147545,7,90.312255
21.351428,30,90.915203
22.532125,30,91.594399
21.919869,30,92.315289
2.566362,4,92.405604
2.632711,4,92.522853
1.632711,3,92.585927
10.513254,14,92.908871
5.233294,7,93.073352
2.433333,4,93.159944
23.916229,30,93.816258
10.81202,12,94.099154
11.647199,14,94.43992
21.985382,30,95.060345
24.178638,30,95.732308
24.730306,30,96.370201
11.045989,13,96.693426
24.660301,30,97.31062
22.67715,30,97.960588
14.184716,19,98.575218
2.632397,4,98.71875
21.481581,30,99.782135
2.499377,4,99.928335
21.965503,30,101.006417
1.818307,3,101.139575
23.045882,30,102.134493
11.653508,15,102.440929
24.144873,30,103.207535
2.913158,4,103.292664
22.852279,30,104.038725
27.64166,30,104.634842
22.051409,30,105.286586
14.147871,18,105.655975
22.150355,30,106.326263
16.250684,21,106.796141
14.432809,18,107.214151
14.809951,18,107.622792
22.933251,30,108.227802
3.431424,5,108.352167
3.480129,5,108.461955
18.995595,23,111.622547
21.652655,30,112.58169
23.586882,30,113.615324
21.935103,30,114.713918
3.266365,5,114.935849
17.646455,26,115.72907
21.153549,30,116.390644
23.534605,30,117.052406
22.501396,30,117.676096
25.360035,30,118.340492
21.834487,30,118.918124
7.766118,11,119.124649
21.386882,30,119.643203
22.252041,30,120.368849
11.378935,15,120.690433
24.980796,30,121.338965
23.752447,30,122.035049
22.784096,30,122.766478
22.786882,30,123.445556
9.395433,12,123.835032
21.286882,30,124.625672
24.051015,30,125.417595
1.946796,3,125.519177
25.396764,30,126.463414
16.765467,24,127.467422
3.233333,5,127.632532
9.852932,14,128.127849
11.232398,16,128.659699
22.783696,30,129.761684
22.986009,30,130.474323
23.017557,30,131.173748
22.578257,28,131.781036
22.31752,30,132.356691
9.778885,13,132.641201
7.251745,9,132.811935
23.920221,30,133.454667
22.286888,30,134.207288
23.218652,30,134.870588
22.45269,30,135.487774
22.019871,30,136.127511
22.352317,30,136.776346
21.953554,30,137.380674
1.953097,3,137.438327
15.400037,22,137.942772
7.278737,10,138.135893
23.731013,30,138.816207
24.651918,30,139.434754
21.218931,30,140.379059
21.952937,30,141.379524
9.879308,13,141.831296
1.931021,3,141.939773
26.110768,30,142.939534
22.215741,30,143.849211
24.300838,30,144.583765
11.54674,14,144.920817
15.916316,21,145.404979
22.452012,30,146.101095
13.978794,18,146.457727
5.88013,8,146.629628
26.019126,30,147.270128
25.997908,30,147.875777
13.598243,19,148.265818
21.350494,30,148.956919
21.952576,30,149.555915
22.019555,30,150.221892
21.066713,30,150.882041
21.75192,30,151.449034
17.012492,23,151.924165
24.127784,30,152.581104
4.397104,6,152.730672
23.051572,30,153.367596
22.718716,30,154.337734
22.185673,30,155.562515
21.553281,30,156.747596
22.252919,30,157.703135
21.649572,30,158.360337
1.051567,2,158.409472
23.351473,30,158.947666
22.051575,30,159.578319
21.352925,30,160.258198
24.652157,30,160.953911
21.54935,30,161.661762
22.477514,30,162.331478
23.798355,30,165.695186
22.765161,30,166.311137
23.631419,30,166.937068
21.584496,30,167.705531
21.952651,30,168.713017
22.119322,30,169.773236
13.086888,19,170.44761
21.451769,30,171.389345
22.485961,30,172.045903
3.848301,5,172.146023
21.386225,30,172.862825
23.886882,30,173.570525
21.350934,30,174.256556
21.386887,30,174.976931
22.085022,30,175.495744
24.197591,30,176.106853
21.952943,30,176.687032
5.967044,7,176.81216
22.819025,30,177.470739
24.366164,30,178.194023
22.652002,30,178.792553
23.463084,30,179.37208
4.915452,7,179.525528
21.78183,30,180.105112
20.685687,30,180.730244
23.364223,30,181.447844
5.751637,8,181.728237
21.55351,30,182.70986
22.384997,30,183.616615
21.420221,30,184.557394
6.735686,9,184.882928
23.81649,30,185.618743
22.884144,30,186.250698
1.913001,3,186.322537
20.917444,30,186.997957
21.719023,30,187.584269
23.018989,30,188.129759
2.550269,4,188.206302
21.568704,30,188.755157
22.285245,30,189.349966
22.520221,30,190.0551
23.586266,30,190.741108
3.679045,5,190.848104
18.345985,25,191.325962
22.998757,30,191.973949
22.20035,30,192.610537
21.186575,30,193.250256
21.820221,30,193.928065
22.5649,30,194.475162
23.551874,30,195.23748
4.033333,6,195.476768
24.244928,30,196.344556
20.986221,30,197.443914
22.186887,30,198.384513
21.950631,30,199.284572
21.700807,30,199.848401
21.882936,30,200.465063
22.220221,30,201.086529
22.90204,30,201.660338
20.986582,30,202.330303
22.052931,30,202.97673
21.211729,29,203.574165
22.618704,30,204.155492
22.285389,30,204.785878
22.313509,30,205.412302
25.166151,30,205.971223
22.950576,30,206.632203
21.853553,30,207.19178
21.110259,28,207.753227
22.286888,30,208.389901
23.217767,30,209.017087
21.799697,30,210.053295
21.01871,30,211.003412
8.545723,11,211.414777
21.585375,30,212.560892
22.084271,30,213.303083
21.919567,30,216.57161
22.283056,30,217.158828
23.349987,30,217.890631
21.89903,30,218.549951
23.327305,30,219.158211
22.42022,30,219.730265
21.72022,30,220.439657
21.801465,30,221.102035
21.916859,30,221.774307
20.75324,30,222.387733
21.220221,30,223.213305
21.720215,30,224.201738
22.850504,30,225.206721
21.019913,30,226.324754
21.818298,30,227.138961
21.486226,30,227.856782
22.053125,30,228.426386
20.851242,30,228.991761
21.185994,30,229.606141
22.552875,30,230.209062
21.618371,30,230.824203
21.253542,30,231.35087
21.253541,30,232.003062
22.618983,30,232.570092
22.4338,30,233.174343
21.902663,30,233.748745
23.385734,30,234.320211
6.515734,9,234.477909
21.582997,30,235.169864
10.650006,15,235.42347
4.762911,6,235.563102
22.747893,30,236.196909
20.552657,30,236.795849
21.852342,30,237.737562
23.150221,30,238.738295
21.751721,30,239.763941
1.866045,3,239.859497
22.68685,30,240.705313
22.119284,30,241.346169
21.953555,30,241.893846
21.349945,30,242.497972
22.319826,30,243.123101
21.717908,30,243.735294
21.252661,30,244.32134
20.986214,30,244.864263
22.884485,30,245.523147
21.885374,30,246.070037
21.453554,30,246.677363
21.052627,30,247.300481
5.399109,8,247.476525
22.718085,30,248.080793
22.085952,30,248.644436
21.819329,30,249.27135
21.452315,30,249.893232
21.385643,30,250.489422
21.185994,30,251.286295
23.016988,30,252.25417
4.767484,7,252.523776
22.651734,30,253.555391
21.985993,30,254.498383
22.151652,30,255.133066
23.215734,30,255.679096
21.152661,30,256.306479
21.265401,30,256.945083
21.553247,30,257.522996
22.05138,30,258.073702
21.935996,30,258.586877
21.565139,30,259.183501
22.319021,30,259.775086
21.283339,30,260.372408
21.952308,30,260.959054
21.920221,30,261.547117
21.919327,30,262.153715
20.420215,30,265.767854
22.152656,30,266.696628
22.553554,30,267.757894
21.552939,30,268.477581
21.419051,30,269.106259
21.386888,30,269.625332
21.252657,30,270.19855
21.885369,30,270.766395
21.053244,30,271.305681
21.286888,30,271.90344
21.102619,30,272.434832
21.65173,30,273.078839
21.685994,30,273.713904
21.786882,30,274.229419
20.752661,30,274.757382
21.753555,30,275.378836
21.785299,30,276.044476
21.266709,30,276.743902
20.785646,30,277.335209
21.919875,30,277.942249
21.820221,30,278.639121
21.520178,30,279.676895
20.686264,30,280.566071
21.386888,30,281.573228
22.286888,30,282.305235
22.531595,30,282.95574
21.752611,30,283.580014
21.820221,30,284.219224
21.919327,30,284.8221
20.902663,30,285.397764
14.902662,21,285.863304
22.686888,30,286.470881
21.952289,30,287.01217
22.053245,30,287.58804
21.686888,30,288.163154
21.420215,30,288.731473
20.486882,30,289.278217
20.886839,30,289.902206
21.319327,30,290.44808
21.635991,30,290.98501
21.286226,30,291.560331
23.417814,30,292.344923
22.652619,30,293.321797
21.286882,30,294.232536
21.552932,30,295.056186
22.019913,30,295.869432
20.652929,30,296.411988
22.01867,30,297.074226
21.053246,30,297.667028
22.185956,30,298.272096
21.551771,30,298.807279
21.686881,30,299.38263
20.986888,30,299.982141
21.286574,30,300.665742
21.785591,30,301.330849
22.220221,30,301.952835
21.15325,30,302.513342
21.55262,30,303.079566
21.585951,30,303.593019
21.252613,30,304.271687
20.58658,30,304.828034
21.485913,30,305.400725
21.485996,30,306.189286
21.186883,30,307.242985
22.252925,30,308.173649
21.720215,30,309.25459
22.251724,30,309.921776
20.986882,30,310.56428
21.619059,30,311.136471
22.085383,30,314.503311
22.65238,30,315.19274
21.286532,30,315.86637
22.385994,30,316.475921
21.786261,30,317.063627
21.952033,30,317.610841
21.598519,30,318.285952
21.819913,30,318.813313
21.819598,30,319.402352
21.253555,30,320.326065
21.018123,29,321.333277
21.085731,30,322.214529
21.269289,30,323.40631
2.780129,4,323.473154
22.052925,30,324.111801
21.918931,30,324.677046
21.420183,30,325.216164
20.919598,30,325.733312
21.153507,30,326.334236
22.186223,30,326.884643
20.686614,30,327.399538
22.486236,30,328.057061
22.186888,30,328.751839
21.386583,30,329.43109
22.051773,30,330.040872
21.852616,30,330.683654
23.7187,30,331.32108
22.053241,30,331.962429
22.853554,30,332.501405
20.820138,30,333.13404
21.885542,30,334.096399
22.120221,30,334.992734
20.153555,30,335.814799
21.720175,30,336.707982
22.219324,30,337.554765
21.586231,30,338.118731
21.019907,30,338.64971
21.053506,30,339.350621
17.719919,26,339.837657
21.753555,30,340.439758
21.020215,30,340.952356
21.519917,30,341.526334
21.752925,30,342.182302
22.151992,30,342.78486
7.386888,11,343.000422
22.552932,30,343.616576
21.919327,30,344.170104
22.619602,30,344.78557
22.118998,30,345.394771
21.153511,30,345.982095
20.520221,30,346.605945
21.619327,30,347.152875
20.486882,30,348.157725
20.986574,30,349.162747
22.150886,30,350.322363
23.298459,30,351.296888
21.919604,30,351.876219
22.35324,30,352.502548
22.319835,30,353.137274
21.753508,30,353.714969
22.352923,30,354.314875
23.28551,30,354.886567
21.52022,30,355.448442
22.086888,30,356.080857
22.683596,30,356.634077
14.752628,21,357.036697
22.484573,30,357.69186
22.386888,30,358.254096
21.91987,30,358.806099
22.684667,30,359.396843
22.684929,30,363.588983
22.653554,30,364.766775
21.953554,30,365.365817
22.420221,30,365.951268
21.720177,30,366.533442
22.684576,30,367.136061
22.120221,30,367.737113
20.786888,30,368.323941
22.952635,30,368.92669
20.853554,30,369.46479
22.120221,30,370.093504
21.786842,30,370.668349
21.585374,30,371.301506
22.120221,30,371.951396
2.450587,4,372.028469
22.152602,30,372.708569
21.468436,30,373.278423
21.919023,30,373.894167
21.886887,30,374.506398
22.719867,30,375.3887
21.019598,30,376.278321
6.386882,10,376.661463
22.433376,30,377.537931
21.152615,30,378.618626
21.619244,30,379.259244
21.884797,30,379.871368
22.219873,30,380.4545
20.686586,30,380.99705
21.985956,30,381.593762
22.020221,30,382.161622
21.653554,30,382.785214
22.086888,30,383.390563
21.753515,30,383.99652
20.98595,30,384.614515
3.453548,6,384.744661
22.286888,30,385.289649
21.966749,30,385.929337
22.931324,30,386.530319
21.18573,30,387.080981
22.686888,30,387.78204
20.950893,30,388.355995
21.702033,30,389.164
21.753511,30,390.138426
23.32022,30,391.245586
23.619598,30,392.338317
22.520221,30,393.179234
23.183923,30,393.926532
21.952654,30,394.513508
21.833678,30,395.072844
22.052661,30,395.64838
22.553555,30,396.275343
21.853511,30,396.931281
21.886615,30,397.649908
21.620177,30,398.479881
21.886038,30,399.115843
22.052611,30,399.838058
22.252356,30,400.584906
22.150894,30,401.32263
22.485653,30,402.073302
1.979667,3,402.176654
21.653554,30,403.013333
22.581902,30,404.056603
23.653471,30,404.92252
22.020181,30,406.087195
22.08569,30,406.841768
20.785372,30,407.451655
22.052055,30,408.02579
21.386238,30,408.670173
22.252931,30,409.269156
23.183811,30,409.865242
21.819913,30,410.445275
21.019598,30,413.867705
21.785988,30,414.492088
21.985994,30,415.091508
21.61837,30,415.739872
21.586264,30,416.313738
23.319288,30,417.128655
22.153555,30,417.976413
6.79769,10,418.29683
22.418699,30,419.191982
22.686888,30,420.284434
22.286264,30,420.885881
23.352932,30,421.621538
21.686882,30,422.172779
21.985994,30,422.851692
22.286583,30,423.393157
20.985993,30,424.052555
20.553555,30,424.599545
21.918146,30,425.182313
22.684271,30,425.82994
7.253549,11,426.027943
22.553555,30,426.657972
22.566039,30,427.295849
22.15351,30,427.990822
22.252661,30,428.557168
21.318716,30,429.179919
21.816711,30,429.787412
22.120221,30,430.339267
22.019287,30,431.204128
22.8529,30,432.203807
22.268706,30,433.18093
6.578594,9,433.511717
22.413557,30,434.514915
22.419598,30,435.27536
22.184998,30,435.900529
22.118678,30,436.483348
21.720221,30,437.026331
22.686848,30,437.620153
21.386888,30,438.291408
22.120221,30,438.875779
22.08662,30,439.46506
21.252352,30,440.022918
22.351103,30,440.59641
21.253511,30,441.183165
22.796451,30,441.752768
23.286426,30,442.402775
21.386888,30,442.996564
21.853241,30,443.636391
22.120221,30,444.401831
21.22022,30,445.407988
21.986307,30,446.302686
7.664005,9,446.622861
22.253515,30,447.533995
21.449387,30,448.340308
22.085685,30,448.968829
21.653246,30,449.548689
22.085958,30,450.079897
22.120221,30,450.635482
21.986619,30,451.30477
21.652347,30,451.848817
21.986887,30,452.419728
21.986888,30,453.063481
22.653554,30,453.627751
20.985957,30,454.207625
20.885664,30,454.88988
21.852661,30,455.5478
21.219324,30,456.213535
22.653554,30,456.833252
21.652661,30,457.505652
22.085687,30,458.103633
21.353508,30,459.118238
22.318403,30,460.091968
22.035373,30,463.977661
22.051731,30,464.564323
21.086221,30,465.171343
21.952921,30,465.759984
4.986888,8,465.932113
21.720221,30,466.610389
24.518535,30,467.301472
21.799103,30,467.947625
21.753554,30,468.527725
21.38589,30,469.070802
22.618976,30,469.7211
22.020215,30,470.304614
22.086888,30,470.962476
22.020221,30,471.49981
21.985994,30,472.168664
22.652932,30,473.134573
3.979313,5,473.294714
22.11697,30,474.187315
21.520215,30,475.130986
23.385555,30,475.928602
21.586844,30,476.640895
21.953509,30,477.250811
22.219911,30,477.852007
21.753553,30,478.417786
22.653506,30,479.027889
21.986888,30,479.714889
21.920177,30,480.28971
22.185951,30,480.856658
20.920221,30,481.507298
21.884265,30,482.105839
20.853549,30,482.759111
21.353247,30,483.3601
22.086574,30,483.965235
22.286257,30,484.587913
22.319021,30,485.233842
22.085376,30,485.884207
20.684574,30,486.938589
22.620221,30,488.153505
21.486843,30,489.125029
21.352659,30,489.915094
21.419554,30,490.434282
21.752617,30,491.030805
21.652392,30,491.619081
22.085689,30,492.170149
21.786888,30,492.760019
21.919873,30,493.352975
22.267017,30,493.977498
21.253555,30,494.492354
21.286888,30,495.120087
21.983683,30,495.714839
21.853555,30,496.336123
22.552932,30,496.953754
22.686219,30,497.516371
22.953555,30,498.187173
22.052623,30,498.73967
21.220215,30,499.362099
21.933678,30,500.216971
21.98569,30,501.128936
22.552931,30,502.180533
21.953247,30,503.169791
22.153555,30,503.784984
21.786888,30,504.354617
21.720221,30,504.896207
22.419563,30,505.49927
22.152265,30,506.104987
21.320221,30,506.678432
21.952925,30,507.217084
22.451366,30,507.914558
22.218978,30,508.454111
21.38569,30,508.985381
20.50173,30,512.30823
21.935996,30,512.963708
22.686848,30,513.87543
21.552662,30,514.841473
21.886888,30,515.816841
21.985994,30,516.882748
22.319329,30,517.599303
23.353555,30,518.186897
22.185974,30,518.815421
22.286888,30,519.423777
22.953238,30,519.998255
22.612851,30,520.602624
22.252661,30,521.217885
21.420182,30,521.804216
22.186264,30,522.367755
5.846192,8,522.565813
21.420221,30,523.119402
22.219321,30,523.698486
21.953554,30,524.277019
20.986883,30,524.918918
20.453555,30,525.581681
21.817604,30,526.21432
22.05228,30,526.829163
2.186842,4,526.900903
22.485992,30,527.721945
22.386846,30,528.780177
22.135996,30,529.766697
22.81995,30,530.906912
22.652265,30,531.483476
22.352355,30,532.111262
22.033681,30,532.660908
22.383603,30,533.20732
21.919912,30,533.808159
22.119327,30,534.409101
22.553555,30,535.055523
23.086887,30,535.676389
22.253553,30,536.3498
22.285366,30,536.972402
21.851242,30,537.554722
22.385731,30,538.145251
22.052352,30,538.793235
22.086888,30,539.404379
22.220214,30,539.963999
22.352661,30,540.557925
21.986888,30,541.245211
22.684271,30,542.231313
22.219291,30,543.066293
21.28658,30,543.886145
22.020221,30,544.86314
22.983962,30,545.553488
22.585613,30,546.109729
22.55325,30,546.674769
21.752616,30,547.328799
21.78569,30,547.942869
22.652365,30,548.447123
22.352942,30,549.018987
22.269289,30,549.592807
21.620221,30,550.195462
21.685996,30,550.766635
21.819591,30,551.411973
21.95325,30,551.959133
21.319911,30,552.550915
21.91906,30,553.144714
21.585994,30,553.677199
21.385722,30,554.232805
22.018985,30,554.74236
22.785994,30,555.890537
22.402663,30,556.757276
22.151242,30,557.699155
21.253247,30,558.701507
21.953247,30,561.898981
21.920178,30,562.493169
22.319327,30,563.104068
22.420221,30,563.724126
21.953247,30,564.288261
21.920221,30,565.003301
21.953548,30,565.524433
21.286882,30,566.138356
22.38243,30,566.731229
20.686888,30,567.323985
21.620172,30,568.047935
21.853247,30,568.61451
22.086264,30,569.538364
21.753555,30,570.618669
22.135996,30,571.475102
22.420221,30,572.478556
21.819017,30,573.122059
22.286842,30,573.66572
22.14915,30,574.272262
21.986539,30,574.832171
20.153555,30,575.440399
22.219598,30,576.012271
22.219598,30,576.614117
22.219609,30,577.172932
22.020215,30,577.764253
21.353241,30,578.376647
21.353554,30,578.874542
22.020221,30,579.422524
21.986888,30,579.963383
21.720221,30,580.579557
21.953554,30,581.159433
21.086888,30,581.744976
22.319326,30,582.430801
21.886882,30,583.319836
22.23364,30,584.383401
22.019327,30,585.486169
20.720221,30,586.485671
22.086221,30,587.065292
21.953247,30,587.661521
22.153555,30,588.241657
21.968707,30,588.812294
21.786579,30,589.397782
21.453511,30,590.040538
22.153555,30,590.590138
21.353555,30,591.169102
21.75351,30,591.739702
22.120219,30,592.302605
22.286888,30,592.925976
22.020221,30,593.548379
22.218129,30,594.210643
22.219327,30,594.834265
22.286887,30,595.463779
22.120131,30,596.063544
22.420216,30,596.670038
1.765465,3,596.761993
21.553204,30,597.763368
21.486888,30,598.703359
21.653548,30,599.655065
22.153555,30,600.512315
21.92018,30,601.047801
21.519323,30,601.629827
22.152931,30,602.174013
21.586888,30,602.706361
2.632044,4,602.785957
22.286888,30,603.329315
21.753555,30,603.875489
21.720221,30,604.455554
21.686844,30,605.078006
21.520221,30,605.617766
21.453246,30,606.211173
21.920178,30,609.365751
22.684859,30,609.96203
21.852655,30,610.752423
21.935996,30,611.874607
22.286888,30,612.744136
23.096804,30,613.729527
22.25258,30,614.514199
22.919759,30,615.13513
21.953555,30,615.718016
22.08658,30,616.33795
22.252932,30,616.88092
22.020221,30,617.512925
22.085366,30,618.023751
22.420221,30,618.548337
21.119598,30,619.143622
21.953555,30,619.783045
22.020221,30,620.416883
22.020221,30,620.97863
21.920178,30,621.617655
21.553554,30,622.19365
22.953514,30,622.766982
21.785951,30,623.288099
21.48276,30,623.916669
22.420221,30,624.886624
21.753247,30,625.946229
21.853554,30,626.884047
22.420221,30,627.86265
22.286888,30,628.468511
21.853554,30,629.104515
21.786264,30,629.645816
21.985994,30,630.232361
22.020221,30,630.832942
21.319024,30,631.429623
22.385994,30,631.986506
8.4997,12,632.23634
22.919874,30,632.782396
21.98569,30,633.387249
21.950928,30,633.974612
22.320175,30,634.553832
21.653511,30,635.151982
21.852931,30,635.736565
21.819327,30,636.337123
22.020221,30,636.846281
22.220221,30,637.470761
21.186883,30,638.204618
21.486849,30,639.099945
22.186882,30,639.994965
21.620178,30,640.83739
22.019554,30,641.826479
22.034798,30,642.375573
22.286888,30,643.119421
1.931021,3,643.188293
22.020221,30,643.764877
22.953555,30,644.337033
22.2845,30,644.954879
22.153555,30,645.501751
22.119872,30,646.067138
22.253542,30,646.811007
22.668706,30,647.377702
21.95293,30,647.981653
22.15137,30,648.501326
22.020215,30,649.086653
22.252265,30,649.70532
21.919873,30,650.329123
21.985988,30,650.882582
22.286888,30,651.516759
21.819873,30,652.349618
22.085958,30,653.448653
22.385598,30,654.457145
22.020221,30,655.404598
23.098791,30,658.778103
21.852662,30,659.477164
22.052356,30,660.020066
22.416043,30,660.604355
22.020221,30,661.194047
22.153555,30,661.841692
22.417285,30,662.442806
21.819907,30,663.053931
23.086266,30,663.73529
21.886882,30,664.289415
22.020221,30,664.873625
22.320221,30,665.366634
21.620178,30,666.083866
22.119327,30,667.089958
21.72022,30,668.064796
22.020221,30,669.153423
22.020215,30,669.829563
21.220221,30,670.452612
21.986846,30,671.109539
22.986846,30,671.731808
22.199726,30,672.344015
21.953247,30,672.923561
22.052623,30,673.531877
21.852397,30,674.09725
21.786842,30,674.637088
22.553555,30,675.258704
21.585386,30,675.755814
21.853207,30,676.37429
22.119592,30,676.963163
21.985994,30,677.569662
22.286888,30,678.087574
22.286883,30,678.719974
22.519322,30,679.256588
22.286888,30,680.028559
22.252943,30,681.091563
22.119327,30,682.045897
22.153555,30,683.098137
22.785599,30,683.825104
21.653246,30,684.376442
21.685102,30,685.016098
22.420221,30,685.586389
22.153514,30,686.177883
22.019329,30,686.805578
21.853511,30,687.40747
21.686888,30,688.027731
20.953555,30,688.558788
22.153555,30,689.269628
21.919321,30,689.939981
22.420221,30,690.444812
22.420221,30,691.107563
23.219294,30,691.774626
21.766084,30,692.48732
21.985994,30,693.212837
22.553555,30,694.057901
22.385652,30,695.061627
22.153554,30,695.860283
22.686847,30,696.884188
22.552931,30,697.595935
21.853509,30,698.156389
22.186542,30,698.756177
22.518931,30,699.363389
21.985994,30,699.919388
22.020221,30,700.517835
22.820221,30,701.15941
22.420221,30,701.808696
21.753554,30,702.394349
22.020221,30,702.954967
5.920181,9,703.151941
21.985994,30,703.70158
6.720221,11,706.663076
21.920178,30,707.431608
22.153554,30,708.334013
21.985994,30,709.384845
21.620183,30,710.2208
22.519327,30,711.211654
21.920178,30,711.763283
23.252298,30,712.415135
21.62022,30,712.977954
21.853549,30,713.519935
21.885994,30,714.148412
22.953555,30,714.890871
21.552657,30,715.472325
21.18662,30,716.115219
22.119327,30,716.725736
22.020221,30,717.351108
21.786882,30,717.883328
22.020221,30,718.552237
22.420221,30,719.06855
22.153555,30,719.703132
22.119321,30,720.362245
21.686887,30,721.050262
20.819329,30,721.973315
22.020221,30,722.993176
22.220219,30,724.032085
22.252944,30,725.00237
22.919598,30,725.617561
21.586888,30,726.180096
22.020221,30,726.83126
22.019284,30,727.371696
23.486532,30,728.040551
22.420221,30,728.62058
21.819327,30,729.215901
22.152931,30,729.761037
22.283952,30,730.376948
22.720214,30,730.916025
22.286888,30,731.511001
22.219913,30,732.12639
22.953555,30,732.758868
22.286888,30,733.340723
22.152931,30,733.982933
22.286882,30,734.660209
22.020221,30,735.507729
23.353554,30,736.622461
22.035953,30,737.670902
22.319025,30,738.64289
21.353281,30,739.233935
23.084271,30,739.948839
20.953554,30,740.512102
22.252661,30,741.04099
22.153555,30,741.64872
21.919872,30,742.186767
22.419877,30,742.802543
21.985994,30,743.398228
22.020221,30,744.042751
22.686882,30,744.628858
22.286264,30,745.178791
22.020221,30,745.757009
22.153555,30,746.306339
21.953555,30,746.918967
22.519327,30,747.490101
22.300042,30,748.094208
21.885951,30,748.762943
21.820221,30,749.658259
22.153549,30,750.575393
22.085375,30,751.591322
21.985994,30,752.538026
22.020182,30,753.207998
21.720221,30,753.792063
21.886576,30,757.180826
22.501374,30,757.783285
22.120221,30,758.355439
22.819598,30,758.965724
21.819289,30,759.538575
21.95293,30,760.102398
22.535373,30,760.692794
21.920178,30,761.223747
22.020221,30,761.78737
21.352042,30,762.310905
21.719913,30,763.179818
22.119287,30,764.192162
22.020221,30,765.252689
22.286265,30,766.246101
21.752617,30,766.947637
21.986264,30,767.487131
22.553555,30,768.173049
22.186276,30,768.823196
22.119327,30,769.3901
22.020221,30,770.111241
22.153555,30,770.75421
22.420221,30,771.321337
22.31929,30,771.835056
20.886582,30,772.445092
21.985994,30,773.077678
22.020221,30,773.700134
22.385599,30,774.318796
21.852655,30,775.063262
21.720221,30,775.604053
21.817903,30,776.194804
21.819907,30,777.160999
22.786539,30,778.022502
22.820215,30,779.060874
21.753549,30,780.213428
21.949996,30,780.800268
22.286264,30,781.320341
22.020221,30,781.960238
21.786842,30,782.50662
22.153555,30,783.111833
20.853555,30,783.675302
22.252265,30,784.363808
22.153554,30,784.953122
22.31929,30,785.535273
21.985994,30,786.208191
21.985994,30,786.753522
2.318352,4,786.838346
21.853206,30,787.48258
22.152931,30,788.027457
21.620221,30,788.565958
22.085366,30,789.160707
22.586269,30,789.665019
22.286888,30,790.330528
21.920221,30,791.333087
21.953247,30,792.496947
22.168436,30,793.496172
21.685994,30,794.362393
22.752887,30,794.947295
22.219913,30,795.541022
2.985993,5,795.625938
21.353554,30,796.21265
21.819023,30,796.820287
22.418986,30,797.40062
22.020221,30,797.942068
21.985994,30,798.466824
22.219907,30,799.04348
22.286264,30,799.639671
21.886888,30,800.192143
22.300043,30,800.888363
22.052623,30,801.472074
1.799377,3,801.53061
22.519874,30,805.106765
22.020221,30,806.236107
21.953555,30,807.098155
22.152931,30,808.025785
22.153555,30,808.574363
21.153555,30,809.232432
22.153554,30,809.826503
21.020221,30,810.414876
21.819342,30,811.001485
21.486888,30,811.557986
20.219917,30,812.132404
22.020221,30,812.707227
21.52022,30,813.299564
22.085952,30,813.977618
20.953555,30,814.573883
21.953247,30,815.121261
22.420221,30,815.642718
20.086888,30,816.174668
21.853206,30,816.740131
22.020221,30,817.411793
21.117909,30,818.223078
21.652661,30,819.198477
21.485994,30,820.140004
21.253555,30,821.063734
21.520215,30,822.013572
22.153555,30,822.545338
21.68658,30,823.078473
21.820221,30,823.704671
21.920178,30,824.272326
21.286888,30,824.789758
22.286888,30,825.355719
21.586888,30,825.914014
22.286265,30,826.480146
21.986888,30,827.184905
21.820221,30,827.786736
21.920178,30,828.430817
22.020221,30,829.011823
20.720221,30,829.687869
21.253555,30,830.314965
22.020221,30,830.824014
22.020221,30,831.51137
21.986885,30,832.200006
21.852931,30,833.028016
22.020221,30,834.061403
21.686844,30,835.129709
20.253555,30,835.875158
22.020221,30,836.462908
20.986264,30,837.023347
22.253555,30,837.641743
21.920178,30,838.273066
22.020221,30,838.846298
22.286888,30,839.446345
22.286277,30,839.979614
20.386888,30,840.555654
21.920178,30,841.158018
21.852931,30,841.675404
21.053554,30,842.259578
21.985994,30,842.871876
22.153549,30,843.446782
21.753555,30,844.028005
22.020221,30,844.62061
20.953555,30,845.26833
22.253555,30,846.140126
22.218699,30,847.055637
22.152931,30,848.021759
22.153555,30,848.896004
20.553555,30,849.73892
22.020221,30,850.332944
21.08685,30,850.863925
22.286842,30,854.172725
21.719327,30,854.729327
21.720221,30,855.362741
21.020221,30,855.920675
22.151242,30,856.570976
21.053555,30,857.175868
21.186888,30,857.777403
22.020221,30,858.367877
22.153514,30,858.872992
21.986888,30,859.457072
21.952942,30,860.355527
22.020221,30,861.275939
21.020176,30,862.228459
22.152931,30,863.218982
21.719913,30,863.877301
21.653554,30,864.520341
21.220221,30,865.126726
20.920221,30,865.673381
22.420221,30,866.308174
21.219554,30,866.843781
21.819327,30,867.416108
21.752661,30,868.017866
21.486887,30,868.587132
20.619913,30,869.147668
21.886264,30,869.73126
22.152265,30,870.353284
20.186887,30,870.910622
22.020221,30,871.560019
22.152931,30,872.206824
22.052315,30,872.913232
21.020221,30,873.680235
21.920221,30,874.650223
22.020221,30,875.56784
21.953555,30,876.500562
21.719329,30,877.396093
22.020221,30,877.964546
21.920221,30,878.462511
21.920178,30,878.99068
22.153555,30,879.52863
21.086888,30,880.197906
6.720221,11,880.430779
21.553555,30,880.988822
21.719913,30,881.531422
21.353555,30,882.163438
21.686888,30,882.80846
21.152931,30,883.386565
21.186844,30,884.008065
20.820221,30,884.750391
21.720221,30,885.323549
21.686888,30,885.967685
21.519913,30,886.477695
22.020221,30,887.072204
21.486887,30,887.910635
21.920221,30,888.789329
20.820221,30,889.845232
21.852943,30,890.896174
21.319327,30,891.427473
22.153555,30,892.041814
21.986888,30,892.624262
22.419598,30,893.266479
21.985994,30,893.864857
21.120221,30,894.442051
21.920178,30,895.013155
22.020221,30,895.668948
21.919023,30,896.213475
20.020221,30,896.765968
22.419598,30,897.391366
22.286264,30,897.946576
22.020221,30,898.563746
22.020221,30,902.394014
21.353555,30,903.29147
22.218699,30,904.233869
22.153555,30,905.001299
21.286888,30,905.515167
20.920221,30,906.158692
22.020221,30,906.8646
22.552932,30,907.496906
21.853554,30,908.08244
21.985994,30,908.642599
21.586886,30,909.318464
22.020221,30,909.885782
21.320221,30,910.613264
22.020221,30,911.292921
21.920178,30,911.810531
21.586888,30,912.462885
22.020221,30,913.134787
21.120221,30,913.701143
22.020221,30,914.324235
21.886882,30,915.221536
21.719327,30,916.277991
22.420221,30,917.264599
21.853554,30,918.441335
21.586545,30,919.037001
1.765379,3,919.100527
20.886888,30,919.639191
22.119327,30,920.232923
22.020221,30,920.729895
21.053516,30,921.319954
21.586264,30,921.90395
21.853555,30,922.459643
20.986264,30,922.997386
22.020221,30,923.570128
21.586888,30,924.101294
22.020221,30,924.646912
22.020221,30,925.216646
20.719329,30,925.835946
22.553554,30,926.417026
22.020214,30,927.023274
22.220216,30,927.644173
21.985994,30,928.187943
20.453555,30,928.905505
21.985994,30,929.757175
22.286887,30,930.817762
22.153555,30,931.753771
22.153555,30,932.569852
21.420221,30,933.138351
20.820221,30,933.685703
21.486881,30,934.254459
22.152931,30,934.804309
21.320221,30,935.448326
21.620221,30,936.070817
21.020221,30,936.800476
2.985988,5,936.897756
22.252265,30,937.507733
20.153555,30,938.191084
21.486883,30,938.8006
22.152931,30,939.367578
21.020221,30,939.973573
22.286888,30,940.517329
22.020221,30,941.001486
21.920221,30,941.654659
20.753555,30,942.228788
22.020221,30,943.030818
22.020221,30,943.927789
21.153555,30,944.721366
22.020221,30,945.65911
22.020221,30,946.495181
22.020221,30,947.165033
20.986844,30,947.719612
21.053511,30,950.934043
22.553554,30,951.456617
22.020221,30,952.028028
22.286888,30,952.5102
20.620221,30,953.171805
21.385994,30,953.744161
22.020221,30,954.353538
22.020221,30,954.921219
21.95293,30,955.45259
22.153555,30,956.091065
21.486844,30,956.916836
22.417903,30,957.71995
22.020221,30,958.77104
22.153555,30,959.663629
22.153549,30,960.370216
22.286888,30,961.033465
22.020221,30,961.615278
21.686882,30,962.176931
21.353555,30,962.740426
21.819953,30,963.300385
21.320221,30,963.905697
22.286888,30,964.461675
22.020221,30,965.03002
21.785956,30,965.724541
21.820221,30,966.289537
20.453555,30,966.894391
21.320221,30,967.435949
22.153555,30,968.041849
21.686888,30,968.601896
21.786842,30,969.265299
21.553554,30,969.828572
22.26933,30,970.641489
22.153555,30,971.629349
20.986883,30,972.625245
22.352637,30,973.611155
21.320215,30,974.324435
22.151242,30,974.892466
21.784576,30,975.465311
21.886882,30,975.996145
21.568706,30,976.573647
22.153555,30,977.155335
21.786888,30,977.86899
22.819557,30,978.415245
21.853554,30,979.014037
22.153555,30,979.657315
21.152931,30,980.211306
20.920221,30,980.791399
22.520221,30,981.356878
21.753554,30,982.056729
20.820221,30,982.714434
20.486888,30,983.263393
20.92022,30,983.854458
20.453555,30,984.633374
21.819913,30,985.523721
22.667017,30,986.490248
20.253555,30,987.398118
20.020221,30,988.149469
21.320221,30,988.707381
20.120178,30,989.301607
22.020221,30,989.848512
20.151242,30,990.404245
20.020221,30,990.992593
22.020221,30,991.505181
20.786888,30,992.087918
20.820221,30,992.670732
20.453555,30,993.29792
21.586887,30,993.780739
20.153555,30,994.366007
21.553554,30,997.63458
22.085366,30,998.397812
22.420221,30,999.342441
22.152931,30,1000.304919
22.286888,30,1001.188092
21.220183,30,1001.935585
21.586888,30,1002.552269
22.153555,30,1003.16215
20.253555,30,1003.731573
22.286888,30,1004.461933
22.119598,30,1005.156906
20.286264,30,1005.666711
22.020221,30,1006.311685
22.120216,30,1006.958673
21.286888,30,1007.574058
22.186275,30,1008.175101
22.152033,30,1008.699551
20.55325,30,1009.274387
22.153555,30,1009.837211
20.720221,30,1010.438656
22.020215,30,1010.968795
20.153555,30,1011.556462
22.020221,30,1012.362014
21.885951,30,1013.167533
21.486888,30,1014.161091
22.119603,30,1015.029059
21.852944,30,1015.7715
21.353287,30,1016.403162
20.786888,30,1016.993249
21.985994,30,1017.591659
22.153555,30,1018.166857
20.720178,30,1018.744292
22.153555,30,1019.263081
20.053555,30,1019.782919
20.58569,30,1020.365729
22.020221,30,1020.973516
21.053554,30,1021.616398
21.78662,30,1022.194677
22.119327,30,1022.757204
21.319598,30,1023.373813
21.853555,30,1023.937701
21.653511,30,1024.498405
21.92022,30,1025.094101
22.020221,30,1025.858918
22.020221,30,1026.778718
21.853246,30,1027.746046
20.820221,30,1028.737279
21.686888,30,1029.558021
20.020221,30,1030.093566
22.286888,30,1030.621669
21.217285,30,1031.157944
20.753555,30,1031.646311
22.253514,30,1032.292133
21.953247,30,1032.876006
20.153554,30,1033.467644
21.22022,30,1034.086887
21.352931,30,1034.733357
20.020221,30,1035.329706
20.686888,30,1035.879321
21.020221,30,1036.524801
21.953247,30,1037.061875
22.151242,30,1037.663924
21.886886,30,1038.176753
22.153548,30,1038.708465
21.486883,30,1039.322702
21.153555,30,1040.399523
21.786888,30,1041.390046
21.820215,30,1042.375778
20.417909,30,1045.964288
21.920178,30,1046.459846
22.152931,30,1047.152581
22.152931,30,1047.668324
21.719953,30,1048.316583
21.053554,30,1048.997921
21.819327,30,1049.623748
22.286888,30,1050.258846
21.720172,30,1050.823327
21.986615,30,1051.425027
21.485074,30,1052.013508
22.385998,30,1052.591434
21.985378,30,1053.331574
20.986271,30,1054.140364
20.920183,30,1055.131416
22.020221,30,1056.122619
22.186887,30,1057.022693
21.519061,30,1057.617976
20.786888,30,1058.321525
22.319588,30,1058.902075
21.920176,30,1059.604806
21.619328,30,1060.302883
21.586619,30,1060.889257
21.252599,30,1061.406332
22.82017,30,1061.933211
22.153554,30,1062.483552
21.601149,30,1063.126606
22.485326,30,1063.725383
22.153555,30,1064.318014
22.102662,30,1064.983145
22.652656,30,1065.542382
22.153555,30,1066.132398
20.920221,30,1066.703277
21.686882,30,1067.711376
22.335907,30,1068.62319
20.320221,30,1069.543906
22.020215,30,1070.579737
22.020221,30,1071.194273
21.720221,30,1071.767084
20.920221,30,1072.3493
20.920221,30,1072.896441
20.886888,30,1073.532973
22.153555,30,1074.205889
21.353554,30,1074.718328
22.35235,30,1075.293476
21.986885,30,1075.950042
21.620178,30,1076.635229
21.953553,30,1077.212727
21.086886,30,1077.830756
22.019948,30,1078.41334
22.935653,30,1079.050494
21.986887,30,1079.722074
22.153555,30,1080.248946
21.986277,30,1081.025906
20.653554,30,1082.077123
21.620221,30,1083.174102
20.586887,30,1084.131078
22.420221,30,1084.776759
21.420221,30,1085.334378
22.086264,30,1086.010366
21.920221,30,1086.602986
22.020221,30,1087.220593
21.219953,30,1087.777067
21.919913,30,1088.374943
22.119327,30,1088.983094
20.020221,30,1089.515705
1.967501,3,1089.569834
21.486888,30,1090.230233
22.420221,30,1090.806396
21.886883,30,1094.181987
22.420181,30,1094.920495
22.286888,30,1095.992052
22.352942,30,1096.945667
22.419911,30,1097.87182
21.053555,30,1098.706876
21.053555,30,1099.239997
22.119586,30,1099.827425
22.153549,30,1100.383911
22.252397,30,1100.968123
21.253554,30,1101.51698
21.853511,30,1102.095627
22.568143,30,1102.663295
22.533684,30,1103.254212
21.453554,30,1103.800023
21.953554,30,1104.339179
20.286888,30,1105.009601
22.085034,30,1105.636919
22.553555,30,1106.228229
22.15325,30,1106.740369
22.552932,30,1107.454749
22.420221,30,1108.120872
20.685995,30,1108.88594
21.753555,30,1110.022074
23.11961,30,1110.894918
22.985992,30,1112.072067
22.386503,30,1112.671331
22.819948,30,1113.292558
22.286888,30,1113.777629
21.886882,30,1114.353302
22.286888,30,1114.934167
23.084186,30,1115.462733
22.551242,30,1116.104457
22.686848,30,1116.722037
21.618434,30,1117.269041
22.686888,30,1117.89317
21.719605,30,1118.589418
21.78662,30,1119.215993
22.286264,30,1119.807307
22.684231,30,1120.350735
22.586877,30,1120.982293
22.086844,30,1121.627412
21.702663,30,1122.497758
22.286265,30,1123.3898
21.053514,30,1124.319059
23.352627,30,1125.28124
22.252661,30,1126.178432
21.753555,30,1126.72375
22.219609,30,1127.333666
21.685991,30,1127.886287
22.420221,30,1128.630719
21.620183,30,1129.248721
22.552313,30,1129.872177
21.753511,30,1130.435873
22.084268,30,1130.944413
22.385691,30,1131.58549
22.719947,30,1132.095819
22.319872,30,1132.730071
20.786887,30,1133.343331
23.220214,30,1133.937391
22.568825,30,1134.476335
22.919759,30,1135.146003
21.920216,30,1135.663042
22.819831,30,1136.426867
22.286888,30,1137.336036
22.286888,30,1138.274723
20.453555,30,1139.292371
22.053471,30,1140.124477
21.302663,30,1140.698613
20.286888,30,1143.902032
22.852943,30,1144.48718
21.686576,30,1145.161652
21.653554,30,1145.669495
22.153549,30,1146.190421
23.486888,30,1146.858244
24.397694,30,1147.511123
21.385994,30,1148.202811
23.086888,30,1148.751233
23.217904,30,1149.321387
22.320215,30,1150.091775
22.883942,30,1150.961936
20.353554,30,1152.420708
22.286841,30,1153.544785
22.751745,30,1154.199425
22.419598,30,1154.834017
21.752662,30,1155.487348
22.553555,30,1156.072032
21.884576,30,1156.706
22.152891,30,1157.256043
20.286888,30,1157.855023
21.352656,30,1158.425164
22.053554,30,1159.037685
22.120213,30,1159.712962
22.386532,30,1160.299125
23.313164,30,1160.896464
22.153555,30,1161.54558
22.783682,30,1162.122944
22.331067,30,1162.75059
22.419917,30,1163.344588
22.053547,30,1164.060146
20.419917,30,1164.991779
21.818723,30,1166.006741
22.685996,30,1167.140779
22.286888,30,1167.952672
20.153555,30,1168.58337
21.985994,30,1169.237877
21.431067,30,1169.834241
21.91961,30,1170.356781
22.219915,30,1170.959791
21.252903,30,1171.556262
21.920216,30,1172.217007
21.686844,30,1172.771528
22.550938,30,1173.432772
23.017861,30,1173.970064
22.519287,30,1174.571884
22.802663,30,1175.209072
21.952661,30,1175.823077
21.386887,30,1176.394364
21.483684,30,1177.050291
22.553549,30,1177.843645
21.853554,30,1178.843694
22.686888,30,1179.7249
22.553555,30,1181.003558
22.286888,30,1181.716105
23.217909,30,1182.334326
22.686848,30,1182.934693
22.219913,30,1183.493271
22.417869,30,1184.096338
21.586888,30,1184.605423
23.086888,30,1185.223974
21.435955,30,1185.801931
22.820221,30,1186.456559
21.986577,30,1187.063339
21.485731,30,1187.833597
22.686583,30,1188.518522
22.151242,30,1189.214816
20.653554,30,1189.798939
23.469329,30,1194.005622
22.402663,30,1195.08619
20.986883,30,1195.690387
24.316804,30,1196.323406
23.469329,30,1196.923717
23.552943,30,1197.614064
20.286888,30,1198.308164
20.951242,30,1199.022381
23.731067,30,1199.681575
22.786427,30,1200.280396
23.579902,30,1200.856422
22.953514,30,1201.542232
21.746842,30,1202.338002
20.819605,30,1203.064719
23.452621,30,1203.806778
23.085609,30,1204.701911
21.753554,30,1205.509849
24.135996,30,1206.769439
22.816981,30,1207.781209
22.953555,30,1208.859874
22.686888,30,1209.495546
23.385904,30,1210.144473
21.753099,27,1210.717812
22.852662,30,1211.360939
23.33595,30,1211.937979
21.819917,30,1212.659951
22.819916,30,1213.428977
21.152657,30,1214.174322
22.385695,30,1214.808758
20.920178,30,1215.51736
22.93599,30,1216.177381
22.052316,30,1216.766104
23.486882,30,1217.540025
22.420181,30,1218.331694
24.420221,30,1219.274568
22.819253,30,1220.287297
21.786883,30,1221.360829
22.553514,30,1222.503091
20.520221,30,1223.160239
22.969286,30,1223.808689
23.019915,30,1224.436666
22.419329,30,1225.070385
3.048804,4,1225.14819
22.686888,30,1225.799905
22.785994,30,1226.584357
21.820175,30,1227.282609
22.751237,30,1227.909167
24.669277,30,1228.508264
23.052655,30,1229.075018
23.884986,30,1229.761522
22.553514,30,1230.40196
21.153554,30,1231.161173
22.950593,30,1231.870906
22.686888,30,1232.707122
22.486885,30,1233.627924
22.053508,30,1234.691435
20.420221,30,1235.612531
23.22022,30,1236.599408
21.999459,30,1237.273174
23.586882,30,1237.992527
22.18533,30,1238.721138
23.219911,30,1239.378292
22.34792,30,1239.994358
21.202657,30,1240.711739
3.197733,5,1240.828506
22.819831,30,1241.449645
23.667518,30,1242.180583
20.519917,30,1242.725876
22.652265,30,1243.404629
24.55262,30,1244.031552
